id,version,synthetic,created_at,updated_at,customer_id,vehicle_id,quote_id,contract_id,technician_id,bay_id,description,due_at,opened_at,completed_at,inspection,authorization_ref,qc_ref,block_reason,status
WO-001,1,1,2026-09-21T18:00:00Z,2026-09-21T18:00:00Z,C-001,V-001,Q-001,,T-001,B-001,Orden sintética,2026-09-23T20:00:00Z,2026-09-18T16:00:00Z,2026-09-20T20:00:00Z,Inspección demo,AUTH-WO,QC-001,,delivered
WO-002,1,1,2026-09-21T18:00:00Z,2026-09-21T18:00:00Z,C-002,V-002,Q-002,,T-002,B-002,Orden sintética,2026-09-23T20:00:00Z,2026-09-18T16:00:00Z,,Inspección demo,AUTH-WO,,,in_service
WO-003,1,1,2026-09-21T18:00:00Z,2026-09-21T18:00:00Z,C-003,V-003,Q-003,,,,Orden sintética,2026-09-23T20:00:00Z,2026-09-18T16:00:00Z,,Inspección demo,AUTH-WO,,Falta filtro,waiting_parts
WO-004,1,1,2026-09-21T18:00:00Z,2026-09-21T18:00:00Z,C-004,V-004,Q-004,,T-003,B-003,Orden sintética,2026-09-23T20:00:00Z,2026-09-18T16:00:00Z,,Inspección demo,AUTH-WO,,,rework
WO-005,1,1,2026-09-21T18:00:00Z,2026-09-21T18:00:00Z,C-005,V-005,,,,,Orden sintética,2026-09-23T20:00:00Z,2026-09-18T16:00:00Z,,,,,,cancelled
WO-006,1,1,2026-09-21T18:00:00Z,2026-09-21T18:00:00Z,C-006,V-006,Q-006,,T-004,B-001,Orden sintética,2026-09-23T20:00:00Z,2026-09-18T16:00:00Z,,Inspección demo,AUTH-WO,,,quality_check
WO-007,1,1,2026-09-21T18:00:00Z,2026-09-21T18:00:00Z,C-007,V-007,,,,,Orden sintética,2026-09-23T20:00:00Z,2026-09-18T16:00:00Z,,,,,,received
WO-008,1,1,2026-09-21T18:00:00Z,2026-09-21T18:00:00Z,C-008,V-008,Q-007,,,,Orden sintética,2026-09-23T20:00:00Z,2026-09-18T16:00:00Z,,Inspección demo,AUTH-WO,,,authorized
WO-009,1,1,2026-09-21T18:00:00Z,2026-09-21T18:00:00Z,C-009,V-009,Q-005,CT-001,T-001,B-002,Orden sintética,2026-09-23T20:00:00Z,2026-09-18T16:00:00Z,2026-09-21T17:00:00Z,Inspección demo,AUTH-WO,QC-001,,delivered
WO-010,1,1,2026-09-21T18:00:00Z,2026-09-21T18:00:00Z,C-010,V-011,Q-008,,T-001,B-004,Orden sintética,2026-09-23T20:00:00Z,2026-09-18T16:00:00Z,,Inspección demo,AUTH-WO,,,scheduled
WO-H001,1,1,2026-09-21T18:00:00Z,2026-09-21T18:00:00Z,C-001,V-001,Q-H001,,T-001,B-001,Servicio histórico sintético,2026-09-21T01:00:00Z,2026-09-20T17:00:00Z,2026-09-21T01:00:00Z,Inspección histórica sintética,AUTH-H001,QC-H001,,delivered
WO-H002,1,1,2026-09-21T18:00:00Z,2026-09-21T18:00:00Z,C-002,V-002,Q-H002,,T-002,B-002,Servicio histórico sintético,2026-09-20T14:00:00Z,2026-09-20T04:00:00Z,2026-09-20T14:00:00Z,Inspección histórica sintética,AUTH-H002,QC-H002,,delivered
WO-H003,1,1,2026-09-21T18:00:00Z,2026-09-21T18:00:00Z,C-003,V-003,Q-H003,,T-003,B-003,Servicio histórico sintético,2026-09-20T03:00:00Z,2026-09-19T15:00:00Z,2026-09-20T03:00:00Z,Inspección histórica sintética,AUTH-H003,QC-H003,,delivered
WO-H004,1,1,2026-09-21T18:00:00Z,2026-09-21T18:00:00Z,C-004,V-004,Q-H004,,T-004,B-004,Servicio histórico sintético,2026-09-19T16:00:00Z,2026-09-19T02:00:00Z,2026-09-19T16:00:00Z,Inspección histórica sintética,AUTH-H004,QC-H004,,delivered
WO-H005,1,1,2026-09-21T18:00:00Z,2026-09-21T18:00:00Z,C-005,V-005,Q-H005,,T-001,B-001,Servicio histórico sintético,2026-09-19T05:00:00Z,2026-09-18T13:00:00Z,2026-09-19T05:00:00Z,Inspección histórica sintética,AUTH-H005,QC-H005,,delivered
WO-H006,1,1,2026-09-21T18:00:00Z,2026-09-21T18:00:00Z,C-006,V-006,Q-H006,,T-002,B-002,Servicio histórico sintético,2026-09-18T18:00:00Z,2026-09-18T00:00:00Z,2026-09-18T18:00:00Z,Inspección histórica sintética,AUTH-H006,QC-H006,,delivered
WO-H007,1,1,2026-09-21T18:00:00Z,2026-09-21T18:00:00Z,C-007,V-007,Q-H007,,T-003,B-003,Servicio histórico sintético,2026-09-17T17:00:00Z,2026-09-17T11:00:00Z,2026-09-17T17:00:00Z,Inspección histórica sintética,AUTH-H007,QC-H007,,delivered
WO-H008,1,1,2026-09-21T18:00:00Z,2026-09-21T18:00:00Z,C-008,V-008,Q-H008,,T-004,B-004,Servicio histórico sintético,2026-09-17T06:00:00Z,2026-09-16T22:00:00Z,2026-09-17T06:00:00Z,Inspección histórica sintética,AUTH-H008,QC-H008,,delivered
WO-H009,1,1,2026-09-21T18:00:00Z,2026-09-21T18:00:00Z,C-009,V-009,Q-H009,CT-001,T-001,B-001,Servicio histórico sintético,2026-09-19T00:00:00Z,2026-09-16T09:00:00Z,2026-09-19T00:00:00Z,Inspección histórica sintética,AUTH-H009,QC-H009,,delivered
WO-H010,1,1,2026-09-21T18:00:00Z,2026-09-21T18:00:00Z,C-009,V-010,Q-H010,CT-001,T-002,B-002,Servicio histórico sintético,2026-09-16T08:00:00Z,2026-09-15T20:00:00Z,2026-09-16T08:00:00Z,Inspección histórica sintética,AUTH-H010,QC-H010,,delivered
WO-H011,1,1,2026-09-21T18:00:00Z,2026-09-21T18:00:00Z,C-010,V-011,Q-H011,CT-002,T-003,B-003,Servicio histórico sintético,2026-09-15T21:00:00Z,2026-09-15T07:00:00Z,2026-09-15T21:00:00Z,Inspección histórica sintética,AUTH-H011,QC-H011,,delivered
WO-H012,1,1,2026-09-21T18:00:00Z,2026-09-21T18:00:00Z,C-010,V-012,Q-H012,CT-002,T-004,B-004,Servicio histórico sintético,2026-09-15T10:00:00Z,2026-09-14T18:00:00Z,2026-09-15T10:00:00Z,Inspección histórica sintética,AUTH-H012,QC-H012,,delivered
WO-H013,1,1,2026-09-21T18:00:00Z,2026-09-21T18:00:00Z,C-001,V-001,Q-H013,,T-001,B-001,Servicio histórico sintético,2026-09-14T23:00:00Z,2026-09-14T05:00:00Z,2026-09-14T23:00:00Z,Inspección histórica sintética,AUTH-H013,QC-H013,,delivered
WO-H014,1,1,2026-09-21T18:00:00Z,2026-09-21T18:00:00Z,C-002,V-002,Q-H014,,T-002,B-002,Servicio histórico sintético,2026-09-13T22:00:00Z,2026-09-13T16:00:00Z,2026-09-13T22:00:00Z,Inspección histórica sintética,AUTH-H014,QC-H014,,delivered
WO-H015,1,1,2026-09-21T18:00:00Z,2026-09-21T18:00:00Z,C-003,V-003,Q-H015,,T-003,B-003,Servicio histórico sintético,2026-09-13T11:00:00Z,2026-09-13T03:00:00Z,2026-09-13T11:00:00Z,Inspección histórica sintética,AUTH-H015,QC-H015,,delivered
WO-H016,1,1,2026-09-21T18:00:00Z,2026-09-21T18:00:00Z,C-004,V-004,Q-H016,,T-004,B-004,Servicio histórico sintético,2026-09-13T00:00:00Z,2026-09-12T14:00:00Z,2026-09-13T00:00:00Z,Inspección histórica sintética,AUTH-H016,QC-H016,,delivered
WO-H017,1,1,2026-09-21T18:00:00Z,2026-09-21T18:00:00Z,C-005,V-005,Q-H017,,T-001,B-001,Servicio histórico sintético,2026-09-12T13:00:00Z,2026-09-12T01:00:00Z,2026-09-12T13:00:00Z,Inspección histórica sintética,AUTH-H017,QC-H017,,delivered
WO-H018,1,1,2026-09-21T18:00:00Z,2026-09-21T18:00:00Z,C-006,V-006,Q-H018,,T-002,B-002,Servicio histórico sintético,2026-09-14T00:00:00Z,2026-09-11T12:00:00Z,2026-09-14T00:00:00Z,Inspección histórica sintética,AUTH-H018,QC-H018,,delivered
WO-H019,1,1,2026-09-21T18:00:00Z,2026-09-21T18:00:00Z,C-007,V-007,Q-H019,,T-003,B-003,Servicio histórico sintético,2026-09-11T15:00:00Z,2026-09-10T23:00:00Z,2026-09-11T15:00:00Z,Inspección histórica sintética,AUTH-H019,QC-H019,,delivered
WO-H020,1,1,2026-09-21T18:00:00Z,2026-09-21T18:00:00Z,C-008,V-008,Q-H020,,T-004,B-004,Servicio histórico sintético,2026-09-11T04:00:00Z,2026-09-10T10:00:00Z,2026-09-11T04:00:00Z,Inspección histórica sintética,AUTH-H020,QC-H020,,delivered
WO-H021,1,1,2026-09-21T18:00:00Z,2026-09-21T18:00:00Z,C-009,V-009,Q-H021,CT-001,T-001,B-001,Servicio histórico sintético,2026-09-10T03:00:00Z,2026-09-09T21:00:00Z,2026-09-10T03:00:00Z,Inspección histórica sintética,AUTH-H021,QC-H021,,delivered
WO-H022,1,1,2026-09-21T18:00:00Z,2026-09-21T18:00:00Z,C-009,V-010,Q-H022,CT-001,T-002,B-002,Servicio histórico sintético,2026-09-09T16:00:00Z,2026-09-09T08:00:00Z,2026-09-09T16:00:00Z,Inspección histórica sintética,AUTH-H022,QC-H022,,delivered
WO-H023,1,1,2026-09-21T18:00:00Z,2026-09-21T18:00:00Z,C-010,V-011,Q-H023,CT-002,T-003,B-003,Servicio histórico sintético,2026-09-09T05:00:00Z,2026-09-08T19:00:00Z,2026-09-09T05:00:00Z,Inspección histórica sintética,AUTH-H023,QC-H023,,delivered
WO-H024,1,1,2026-09-21T18:00:00Z,2026-09-21T18:00:00Z,C-010,V-012,Q-H024,CT-002,T-004,B-004,Servicio histórico sintético,2026-09-08T18:00:00Z,2026-09-08T06:00:00Z,2026-09-08T18:00:00Z,Inspección histórica sintética,AUTH-H024,QC-H024,,delivered
WO-H025,1,1,2026-09-21T18:00:00Z,2026-09-21T18:00:00Z,C-001,V-001,Q-H025,,T-001,B-001,Servicio histórico sintético,2026-09-08T07:00:00Z,2026-09-07T17:00:00Z,2026-09-08T07:00:00Z,Inspección histórica sintética,AUTH-H025,QC-H025,,delivered
WO-H026,1,1,2026-09-21T18:00:00Z,2026-09-21T18:00:00Z,C-002,V-002,Q-H026,,T-002,B-002,Servicio histórico sintético,2026-09-07T20:00:00Z,2026-09-07T04:00:00Z,2026-09-07T20:00:00Z,Inspección histórica sintética,AUTH-H026,QC-H026,,delivered
WO-H027,1,1,2026-09-21T18:00:00Z,2026-09-21T18:00:00Z,C-003,V-003,Q-H027,,T-003,B-003,Servicio histórico sintético,2026-09-09T00:00:00Z,2026-09-06T15:00:00Z,2026-09-09T00:00:00Z,Inspección histórica sintética,AUTH-H027,QC-H027,,delivered
WO-H028,1,1,2026-09-21T18:00:00Z,2026-09-21T18:00:00Z,C-004,V-004,Q-H028,,T-004,B-004,Servicio histórico sintético,2026-09-06T08:00:00Z,2026-09-06T02:00:00Z,2026-09-06T08:00:00Z,Inspección histórica sintética,AUTH-H028,QC-H028,,delivered
WO-H029,1,1,2026-09-21T18:00:00Z,2026-09-21T18:00:00Z,C-005,V-005,Q-H029,,T-001,B-001,Servicio histórico sintético,2026-09-05T21:00:00Z,2026-09-05T13:00:00Z,2026-09-05T21:00:00Z,Inspección histórica sintética,AUTH-H029,QC-H029,,delivered
WO-H030,1,1,2026-09-21T18:00:00Z,2026-09-21T18:00:00Z,C-006,V-006,Q-H030,,T-002,B-002,Servicio histórico sintético,2026-09-05T10:00:00Z,2026-09-05T00:00:00Z,2026-09-05T10:00:00Z,Inspección histórica sintética,AUTH-H030,QC-H030,,delivered
WO-H031,1,1,2026-09-21T18:00:00Z,2026-09-21T18:00:00Z,C-007,V-007,Q-H031,,T-003,B-003,Servicio histórico sintético,2026-09-04T23:00:00Z,2026-09-04T11:00:00Z,2026-09-04T23:00:00Z,Inspección histórica sintética,AUTH-H031,QC-H031,,delivered
WO-H032,1,1,2026-09-21T18:00:00Z,2026-09-21T18:00:00Z,C-008,V-008,Q-H032,,T-004,B-004,Servicio histórico sintético,2026-09-04T12:00:00Z,2026-09-03T22:00:00Z,2026-09-04T12:00:00Z,Inspección histórica sintética,AUTH-H032,QC-H032,,delivered
WO-H033,1,1,2026-09-21T18:00:00Z,2026-09-21T18:00:00Z,C-009,V-009,Q-H033,CT-001,T-001,B-001,Servicio histórico sintético,2026-09-04T01:00:00Z,2026-09-03T09:00:00Z,2026-09-04T01:00:00Z,Inspección histórica sintética,AUTH-H033,QC-H033,,delivered
WO-H034,1,1,2026-09-21T18:00:00Z,2026-09-21T18:00:00Z,C-009,V-010,Q-H034,CT-001,T-002,B-002,Servicio histórico sintético,2026-09-03T14:00:00Z,2026-09-02T20:00:00Z,2026-09-03T14:00:00Z,Inspección histórica sintética,AUTH-H034,QC-H034,,delivered
WO-H035,1,1,2026-09-21T18:00:00Z,2026-09-21T18:00:00Z,C-010,V-011,Q-H035,CT-002,T-003,B-003,Servicio histórico sintético,2026-09-02T13:00:00Z,2026-09-02T07:00:00Z,2026-09-02T13:00:00Z,Inspección histórica sintética,AUTH-H035,QC-H035,,delivered
WO-H036,1,1,2026-09-21T18:00:00Z,2026-09-21T18:00:00Z,C-010,V-012,Q-H036,CT-002,T-004,B-004,Servicio histórico sintético,2026-09-04T00:00:00Z,2026-09-01T18:00:00Z,2026-09-04T00:00:00Z,Inspección histórica sintética,AUTH-H036,QC-H036,,delivered
WO-H037,1,1,2026-09-21T18:00:00Z,2026-09-21T18:00:00Z,C-001,V-001,Q-H037,,T-001,B-001,Servicio histórico sintético,2026-09-01T15:00:00Z,2026-09-01T05:00:00Z,2026-09-01T15:00:00Z,Inspección histórica sintética,AUTH-H037,QC-H037,,delivered
WO-H038,1,1,2026-09-21T18:00:00Z,2026-09-21T18:00:00Z,C-002,V-002,Q-H038,,T-002,B-002,Servicio histórico sintético,2026-09-01T04:00:00Z,2026-08-31T16:00:00Z,2026-09-01T04:00:00Z,Inspección histórica sintética,AUTH-H038,QC-H038,,delivered
WO-H039,1,1,2026-09-21T18:00:00Z,2026-09-21T18:00:00Z,C-003,V-003,Q-H039,,T-003,B-003,Servicio histórico sintético,2026-08-31T17:00:00Z,2026-08-31T03:00:00Z,2026-08-31T17:00:00Z,Inspección histórica sintética,AUTH-H039,QC-H039,,delivered
WO-H040,1,1,2026-09-21T18:00:00Z,2026-09-21T18:00:00Z,C-004,V-004,Q-H040,,T-004,B-004,Servicio histórico sintético,2026-08-31T06:00:00Z,2026-08-30T14:00:00Z,2026-08-31T06:00:00Z,Inspección histórica sintética,AUTH-H040,QC-H040,,delivered
WO-H041,1,1,2026-09-21T18:00:00Z,2026-09-21T18:00:00Z,C-005,V-005,Q-H041,,T-001,B-001,Servicio histórico sintético,2026-08-30T19:00:00Z,2026-08-30T01:00:00Z,2026-08-30T19:00:00Z,Inspección histórica sintética,AUTH-H041,QC-H041,,delivered
WO-H042,1,1,2026-09-21T18:00:00Z,2026-09-21T18:00:00Z,C-006,V-006,Q-H042,,T-002,B-002,Servicio histórico sintético,2026-08-29T18:00:00Z,2026-08-29T12:00:00Z,2026-08-29T18:00:00Z,Inspección histórica sintética,AUTH-H042,QC-H042,,delivered
WO-H043,1,1,2026-09-21T18:00:00Z,2026-09-21T18:00:00Z,C-007,V-007,Q-H043,,T-003,B-003,Servicio histórico sintético,2026-08-29T07:00:00Z,2026-08-28T23:00:00Z,2026-08-29T07:00:00Z,Inspección histórica sintética,AUTH-H043,QC-H043,,delivered
WO-H044,1,1,2026-09-21T18:00:00Z,2026-09-21T18:00:00Z,C-008,V-008,Q-H044,,T-004,B-004,Servicio histórico sintético,2026-08-28T20:00:00Z,2026-08-28T10:00:00Z,2026-08-28T20:00:00Z,Inspección histórica sintética,AUTH-H044,QC-H044,,delivered
WO-H045,1,1,2026-09-21T18:00:00Z,2026-09-21T18:00:00Z,C-009,V-009,Q-H045,CT-001,T-001,B-001,Servicio histórico sintético,2026-08-30T12:00:00Z,2026-08-27T21:00:00Z,2026-08-30T12:00:00Z,Inspección histórica sintética,AUTH-H045,QC-H045,,delivered
WO-H046,1,1,2026-09-21T18:00:00Z,2026-09-21T18:00:00Z,C-009,V-010,Q-H046,CT-001,T-002,B-002,Servicio histórico sintético,2026-08-27T22:00:00Z,2026-08-27T08:00:00Z,2026-08-27T22:00:00Z,Inspección histórica sintética,AUTH-H046,QC-H046,,delivered
WO-H047,1,1,2026-09-21T18:00:00Z,2026-09-21T18:00:00Z,C-010,V-011,Q-H047,CT-002,T-003,B-003,Servicio histórico sintético,2026-08-27T11:00:00Z,2026-08-26T19:00:00Z,2026-08-27T11:00:00Z,Inspección histórica sintética,AUTH-H047,QC-H047,,delivered
WO-H048,1,1,2026-09-21T18:00:00Z,2026-09-21T18:00:00Z,C-010,V-012,Q-H048,CT-002,T-004,B-004,Servicio histórico sintético,2026-08-27T00:00:00Z,2026-08-26T06:00:00Z,2026-08-27T00:00:00Z,Inspección histórica sintética,AUTH-H048,QC-H048,,delivered
WO-H049,1,1,2026-09-21T18:00:00Z,2026-09-21T18:00:00Z,C-001,V-001,Q-H049,,T-001,B-001,Servicio histórico sintético,2026-08-25T23:00:00Z,2026-08-25T17:00:00Z,2026-08-25T23:00:00Z,Inspección histórica sintética,AUTH-H049,QC-H049,,delivered
WO-H050,1,1,2026-09-21T18:00:00Z,2026-09-21T18:00:00Z,C-002,V-002,Q-H050,,T-002,B-002,Servicio histórico sintético,2026-08-25T12:00:00Z,2026-08-25T04:00:00Z,2026-08-25T12:00:00Z,Inspección histórica sintética,AUTH-H050,QC-H050,,delivered
WO-H051,1,1,2026-09-21T18:00:00Z,2026-09-21T18:00:00Z,C-003,V-003,Q-H051,,T-003,B-003,Servicio histórico sintético,2026-08-25T01:00:00Z,2026-08-24T15:00:00Z,2026-08-25T01:00:00Z,Inspección histórica sintética,AUTH-H051,QC-H051,,delivered
WO-H052,1,1,2026-09-21T18:00:00Z,2026-09-21T18:00:00Z,C-004,V-004,Q-H052,,T-004,B-004,Servicio histórico sintético,2026-08-24T14:00:00Z,2026-08-24T02:00:00Z,2026-08-24T14:00:00Z,Inspección histórica sintética,AUTH-H052,QC-H052,,delivered
WO-H053,1,1,2026-09-21T18:00:00Z,2026-09-21T18:00:00Z,C-005,V-005,Q-H053,,T-001,B-001,Servicio histórico sintético,2026-08-24T03:00:00Z,2026-08-23T13:00:00Z,2026-08-24T03:00:00Z,Inspección histórica sintética,AUTH-H053,QC-H053,,delivered
WO-H054,1,1,2026-09-21T18:00:00Z,2026-09-21T18:00:00Z,C-006,V-006,Q-H054,,T-002,B-002,Servicio histórico sintético,2026-08-25T12:00:00Z,2026-08-23T00:00:00Z,2026-08-25T12:00:00Z,Inspección histórica sintética,AUTH-H054,QC-H054,,delivered
WO-H055,1,1,2026-09-21T18:00:00Z,2026-09-21T18:00:00Z,C-007,V-007,Q-H055,,T-003,B-003,Servicio histórico sintético,2026-08-23T05:00:00Z,2026-08-22T11:00:00Z,2026-08-23T05:00:00Z,Inspección histórica sintética,AUTH-H055,QC-H055,,delivered
WO-H056,1,1,2026-09-21T18:00:00Z,2026-09-21T18:00:00Z,C-008,V-008,Q-H056,,T-004,B-004,Servicio histórico sintético,2026-08-22T04:00:00Z,2026-08-21T22:00:00Z,2026-08-22T04:00:00Z,Inspección histórica sintética,AUTH-H056,QC-H056,,delivered
WO-H057,1,1,2026-09-21T18:00:00Z,2026-09-21T18:00:00Z,C-009,V-009,Q-H057,CT-001,T-001,B-001,Servicio histórico sintético,2026-08-21T17:00:00Z,2026-08-21T09:00:00Z,2026-08-21T17:00:00Z,Inspección histórica sintética,AUTH-H057,QC-H057,,delivered
WO-H058,1,1,2026-09-21T18:00:00Z,2026-09-21T18:00:00Z,C-009,V-010,Q-H058,CT-001,T-002,B-002,Servicio histórico sintético,2026-08-21T06:00:00Z,2026-08-20T20:00:00Z,2026-08-21T06:00:00Z,Inspección histórica sintética,AUTH-H058,QC-H058,,delivered
WO-H059,1,1,2026-09-21T18:00:00Z,2026-09-21T18:00:00Z,C-010,V-011,Q-H059,CT-002,T-003,B-003,Servicio histórico sintético,2026-08-20T19:00:00Z,2026-08-20T07:00:00Z,2026-08-20T19:00:00Z,Inspección histórica sintética,AUTH-H059,QC-H059,,delivered
WO-H060,1,1,2026-09-21T18:00:00Z,2026-09-21T18:00:00Z,C-010,V-012,Q-H060,CT-002,T-004,B-004,Servicio histórico sintético,2026-08-20T08:00:00Z,2026-08-19T18:00:00Z,2026-08-20T08:00:00Z,Inspección histórica sintética,AUTH-H060,QC-H060,,delivered
WO-H061,1,1,2026-09-21T18:00:00Z,2026-09-21T18:00:00Z,C-001,V-001,Q-H061,,T-001,B-001,Servicio histórico sintético,2026-08-19T21:00:00Z,2026-08-19T05:00:00Z,2026-08-19T21:00:00Z,Inspección histórica sintética,AUTH-H061,QC-H061,,delivered
WO-H062,1,1,2026-09-21T18:00:00Z,2026-09-21T18:00:00Z,C-002,V-002,Q-H062,,T-002,B-002,Servicio histórico sintético,2026-08-19T10:00:00Z,2026-08-18T16:00:00Z,2026-08-19T10:00:00Z,Inspección histórica sintética,AUTH-H062,QC-H062,,delivered
WO-H063,1,1,2026-09-21T18:00:00Z,2026-09-21T18:00:00Z,C-003,V-003,Q-H063,,T-003,B-003,Servicio histórico sintético,2026-08-20T12:00:00Z,2026-08-18T03:00:00Z,2026-08-20T12:00:00Z,Inspección histórica sintética,AUTH-H063,QC-H063,,delivered
WO-H064,1,1,2026-09-21T18:00:00Z,2026-09-21T18:00:00Z,C-004,V-004,Q-H064,,T-004,B-004,Servicio histórico sintético,2026-08-17T22:00:00Z,2026-08-17T14:00:00Z,2026-08-17T22:00:00Z,Inspección histórica sintética,AUTH-H064,QC-H064,,delivered
WO-H065,1,1,2026-09-21T18:00:00Z,2026-09-21T18:00:00Z,C-005,V-005,Q-H065,,T-001,B-001,Servicio histórico sintético,2026-08-17T11:00:00Z,2026-08-17T01:00:00Z,2026-08-17T11:00:00Z,Inspección histórica sintética,AUTH-H065,QC-H065,,delivered
WO-H066,1,1,2026-09-21T18:00:00Z,2026-09-21T18:00:00Z,C-006,V-006,Q-H066,,T-002,B-002,Servicio histórico sintético,2026-08-17T00:00:00Z,2026-08-16T12:00:00Z,2026-08-17T00:00:00Z,Inspección histórica sintética,AUTH-H066,QC-H066,,delivered
WO-H067,1,1,2026-09-21T18:00:00Z,2026-09-21T18:00:00Z,C-007,V-007,Q-H067,,T-003,B-003,Servicio histórico sintético,2026-08-16T13:00:00Z,2026-08-15T23:00:00Z,2026-08-16T13:00:00Z,Inspección histórica sintética,AUTH-H067,QC-H067,,delivered
WO-H068,1,1,2026-09-21T18:00:00Z,2026-09-21T18:00:00Z,C-008,V-008,Q-H068,,T-004,B-004,Servicio histórico sintético,2026-08-16T02:00:00Z,2026-08-15T10:00:00Z,2026-08-16T02:00:00Z,Inspección histórica sintética,AUTH-H068,QC-H068,,delivered
WO-H069,1,1,2026-09-21T18:00:00Z,2026-09-21T18:00:00Z,C-009,V-009,Q-H069,CT-001,T-001,B-001,Servicio histórico sintético,2026-08-15T15:00:00Z,2026-08-14T21:00:00Z,2026-08-15T15:00:00Z,Inspección histórica sintética,AUTH-H069,QC-H069,,delivered
WO-H070,1,1,2026-09-21T18:00:00Z,2026-09-21T18:00:00Z,C-009,V-010,Q-H070,CT-001,T-002,B-002,Servicio histórico sintético,2026-08-14T14:00:00Z,2026-08-14T08:00:00Z,2026-08-14T14:00:00Z,Inspección histórica sintética,AUTH-H070,QC-H070,,delivered
WO-H071,1,1,2026-09-21T18:00:00Z,2026-09-21T18:00:00Z,C-010,V-011,Q-H071,CT-002,T-003,B-003,Servicio histórico sintético,2026-08-14T03:00:00Z,2026-08-13T19:00:00Z,2026-08-14T03:00:00Z,Inspección histórica sintética,AUTH-H071,QC-H071,,delivered
WO-H072,1,1,2026-09-21T18:00:00Z,2026-09-21T18:00:00Z,C-010,V-012,Q-H072,CT-002,T-004,B-004,Servicio histórico sintético,2026-08-15T12:00:00Z,2026-08-13T06:00:00Z,2026-08-15T12:00:00Z,Inspección histórica sintética,AUTH-H072,QC-H072,,delivered
WO-H073,1,1,2026-09-21T18:00:00Z,2026-09-21T18:00:00Z,C-001,V-001,Q-H073,,T-001,B-001,Servicio histórico sintético,2026-08-13T05:00:00Z,2026-08-12T17:00:00Z,2026-08-13T05:00:00Z,Inspección histórica sintética,AUTH-H073,QC-H073,,delivered
WO-H074,1,1,2026-09-21T18:00:00Z,2026-09-21T18:00:00Z,C-002,V-002,Q-H074,,T-002,B-002,Servicio histórico sintético,2026-08-12T18:00:00Z,2026-08-12T04:00:00Z,2026-08-12T18:00:00Z,Inspección histórica sintética,AUTH-H074,QC-H074,,delivered
WO-H075,1,1,2026-09-21T18:00:00Z,2026-09-21T18:00:00Z,C-003,V-003,Q-H075,,T-003,B-003,Servicio histórico sintético,2026-08-12T07:00:00Z,2026-08-11T15:00:00Z,2026-08-12T07:00:00Z,Inspección histórica sintética,AUTH-H075,QC-H075,,delivered
WO-H076,1,1,2026-09-21T18:00:00Z,2026-09-21T18:00:00Z,C-004,V-004,Q-H076,,T-004,B-004,Servicio histórico sintético,2026-08-11T20:00:00Z,2026-08-11T02:00:00Z,2026-08-11T20:00:00Z,Inspección histórica sintética,AUTH-H076,QC-H076,,delivered
WO-H077,1,1,2026-09-21T18:00:00Z,2026-09-21T18:00:00Z,C-005,V-005,Q-H077,,T-001,B-001,Servicio histórico sintético,2026-08-10T19:00:00Z,2026-08-10T13:00:00Z,2026-08-10T19:00:00Z,Inspección histórica sintética,AUTH-H077,QC-H077,,delivered
WO-H078,1,1,2026-09-21T18:00:00Z,2026-09-21T18:00:00Z,C-006,V-006,Q-H078,,T-002,B-002,Servicio histórico sintético,2026-08-10T08:00:00Z,2026-08-10T00:00:00Z,2026-08-10T08:00:00Z,Inspección histórica sintética,AUTH-H078,QC-H078,,delivered
WO-H079,1,1,2026-09-21T18:00:00Z,2026-09-21T18:00:00Z,C-007,V-007,Q-H079,,T-003,B-003,Servicio histórico sintético,2026-08-09T21:00:00Z,2026-08-09T11:00:00Z,2026-08-09T21:00:00Z,Inspección histórica sintética,AUTH-H079,QC-H079,,delivered
WO-H080,1,1,2026-09-21T18:00:00Z,2026-09-21T18:00:00Z,C-008,V-008,Q-H080,,T-004,B-004,Servicio histórico sintético,2026-08-09T10:00:00Z,2026-08-08T22:00:00Z,2026-08-09T10:00:00Z,Inspección histórica sintética,AUTH-H080,QC-H080,,delivered
WO-H081,1,1,2026-09-21T18:00:00Z,2026-09-21T18:00:00Z,C-009,V-009,Q-H081,CT-001,T-001,B-001,Servicio histórico sintético,2026-08-11T00:00:00Z,2026-08-08T09:00:00Z,2026-08-11T00:00:00Z,Inspección histórica sintética,AUTH-H081,QC-H081,,delivered
WO-H082,1,1,2026-09-21T18:00:00Z,2026-09-21T18:00:00Z,C-009,V-010,Q-H082,CT-001,T-002,B-002,Servicio histórico sintético,2026-08-08T12:00:00Z,2026-08-07T20:00:00Z,2026-08-08T12:00:00Z,Inspección histórica sintética,AUTH-H082,QC-H082,,delivered
WO-H083,1,1,2026-09-21T18:00:00Z,2026-09-21T18:00:00Z,C-010,V-011,Q-H083,CT-002,T-003,B-003,Servicio histórico sintético,2026-08-08T01:00:00Z,2026-08-07T07:00:00Z,2026-08-08T01:00:00Z,Inspección histórica sintética,AUTH-H083,QC-H083,,delivered
WO-H084,1,1,2026-09-21T18:00:00Z,2026-09-21T18:00:00Z,C-010,V-012,Q-H084,CT-002,T-004,B-004,Servicio histórico sintético,2026-08-07T00:00:00Z,2026-08-06T18:00:00Z,2026-08-07T00:00:00Z,Inspección histórica sintética,AUTH-H084,QC-H084,,delivered
WO-H085,1,1,2026-09-21T18:00:00Z,2026-09-21T18:00:00Z,C-001,V-001,Q-H085,,T-001,B-001,Servicio histórico sintético,2026-08-06T13:00:00Z,2026-08-06T05:00:00Z,2026-08-06T13:00:00Z,Inspección histórica sintética,AUTH-H085,QC-H085,,delivered
WO-H086,1,1,2026-09-21T18:00:00Z,2026-09-21T18:00:00Z,C-002,V-002,Q-H086,,T-002,B-002,Servicio histórico sintético,2026-08-06T02:00:00Z,2026-08-05T16:00:00Z,2026-08-06T02:00:00Z,Inspección histórica sintética,AUTH-H086,QC-H086,,delivered
WO-H087,1,1,2026-09-21T18:00:00Z,2026-09-21T18:00:00Z,C-003,V-003,Q-H087,,T-003,B-003,Servicio histórico sintético,2026-08-05T15:00:00Z,2026-08-05T03:00:00Z,2026-08-05T15:00:00Z,Inspección histórica sintética,AUTH-H087,QC-H087,,delivered
WO-H088,1,1,2026-09-21T18:00:00Z,2026-09-21T18:00:00Z,C-004,V-004,Q-H088,,T-004,B-004,Servicio histórico sintético,2026-08-05T04:00:00Z,2026-08-04T14:00:00Z,2026-08-05T04:00:00Z,Inspección histórica sintética,AUTH-H088,QC-H088,,delivered
WO-H089,1,1,2026-09-21T18:00:00Z,2026-09-21T18:00:00Z,C-005,V-005,Q-H089,,T-001,B-001,Servicio histórico sintético,2026-08-04T17:00:00Z,2026-08-04T01:00:00Z,2026-08-04T17:00:00Z,Inspección histórica sintética,AUTH-H089,QC-H089,,delivered
WO-H090,1,1,2026-09-21T18:00:00Z,2026-09-21T18:00:00Z,C-006,V-006,Q-H090,,T-002,B-002,Servicio histórico sintético,2026-08-06T00:00:00Z,2026-08-03T12:00:00Z,2026-08-06T00:00:00Z,Inspección histórica sintética,AUTH-H090,QC-H090,,delivered
WO-H091,1,1,2026-09-21T18:00:00Z,2026-09-21T18:00:00Z,C-007,V-007,Q-H091,,T-003,B-003,Servicio histórico sintético,2026-08-03T05:00:00Z,2026-08-02T23:00:00Z,2026-08-03T05:00:00Z,Inspección histórica sintética,AUTH-H091,QC-H091,,delivered
WO-H092,1,1,2026-09-21T18:00:00Z,2026-09-21T18:00:00Z,C-008,V-008,Q-H092,,T-004,B-004,Servicio histórico sintético,2026-08-02T18:00:00Z,2026-08-02T10:00:00Z,2026-08-02T18:00:00Z,Inspección histórica sintética,AUTH-H092,QC-H092,,delivered
WO-H093,1,1,2026-09-21T18:00:00Z,2026-09-21T18:00:00Z,C-009,V-009,Q-H093,CT-001,T-001,B-001,Servicio histórico sintético,2026-08-02T07:00:00Z,2026-08-01T21:00:00Z,2026-08-02T07:00:00Z,Inspección histórica sintética,AUTH-H093,QC-H093,,delivered
WO-H094,1,1,2026-09-21T18:00:00Z,2026-09-21T18:00:00Z,C-009,V-010,Q-H094,CT-001,T-002,B-002,Servicio histórico sintético,2026-08-01T20:00:00Z,2026-08-01T08:00:00Z,2026-08-01T20:00:00Z,Inspección histórica sintética,AUTH-H094,QC-H094,,delivered
WO-H095,1,1,2026-09-21T18:00:00Z,2026-09-21T18:00:00Z,C-010,V-011,Q-H095,CT-002,T-003,B-003,Servicio histórico sintético,2026-08-01T09:00:00Z,2026-07-31T19:00:00Z,2026-08-01T09:00:00Z,Inspección histórica sintética,AUTH-H095,QC-H095,,delivered
WO-H096,1,1,2026-09-21T18:00:00Z,2026-09-21T18:00:00Z,C-010,V-012,Q-H096,CT-002,T-004,B-004,Servicio histórico sintético,2026-07-31T22:00:00Z,2026-07-31T06:00:00Z,2026-07-31T22:00:00Z,Inspección histórica sintética,AUTH-H096,QC-H096,,delivered
WO-H097,1,1,2026-09-21T18:00:00Z,2026-09-21T18:00:00Z,C-001,V-001,Q-H097,,T-001,B-001,Servicio histórico sintético,2026-07-31T11:00:00Z,2026-07-30T17:00:00Z,2026-07-31T11:00:00Z,Inspección histórica sintética,AUTH-H097,QC-H097,,delivered
WO-H098,1,1,2026-09-21T18:00:00Z,2026-09-21T18:00:00Z,C-002,V-002,Q-H098,,T-002,B-002,Servicio histórico sintético,2026-07-30T10:00:00Z,2026-07-30T04:00:00Z,2026-07-30T10:00:00Z,Inspección histórica sintética,AUTH-H098,QC-H098,,delivered
WO-H099,1,1,2026-09-21T18:00:00Z,2026-09-21T18:00:00Z,C-003,V-003,Q-H099,,T-003,B-003,Servicio histórico sintético,2026-08-01T00:00:00Z,2026-07-29T15:00:00Z,2026-08-01T00:00:00Z,Inspección histórica sintética,AUTH-H099,QC-H099,,delivered
WO-H100,1,1,2026-09-21T18:00:00Z,2026-09-21T18:00:00Z,C-004,V-004,Q-H100,,T-004,B-004,Servicio histórico sintético,2026-07-29T12:00:00Z,2026-07-29T02:00:00Z,2026-07-29T12:00:00Z,Inspección histórica sintética,AUTH-H100,QC-H100,,delivered
WO-H101,1,1,2026-09-21T18:00:00Z,2026-09-21T18:00:00Z,C-005,V-005,Q-H101,,T-001,B-001,Servicio histórico sintético,2026-07-29T01:00:00Z,2026-07-28T13:00:00Z,2026-07-29T01:00:00Z,Inspección histórica sintética,AUTH-H101,QC-H101,,delivered
WO-H102,1,1,2026-09-21T18:00:00Z,2026-09-21T18:00:00Z,C-006,V-006,Q-H102,,T-002,B-002,Servicio histórico sintético,2026-07-28T14:00:00Z,2026-07-28T00:00:00Z,2026-07-28T14:00:00Z,Inspección histórica sintética,AUTH-H102,QC-H102,,delivered
WO-H103,1,1,2026-09-21T18:00:00Z,2026-09-21T18:00:00Z,C-007,V-007,Q-H103,,T-003,B-003,Servicio histórico sintético,2026-07-28T03:00:00Z,2026-07-27T11:00:00Z,2026-07-28T03:00:00Z,Inspección histórica sintética,AUTH-H103,QC-H103,,delivered
WO-H104,1,1,2026-09-21T18:00:00Z,2026-09-21T18:00:00Z,C-008,V-008,Q-H104,,T-004,B-004,Servicio histórico sintético,2026-07-27T16:00:00Z,2026-07-26T22:00:00Z,2026-07-27T16:00:00Z,Inspección histórica sintética,AUTH-H104,QC-H104,,delivered
WO-H105,1,1,2026-09-21T18:00:00Z,2026-09-21T18:00:00Z,C-009,V-009,Q-H105,CT-001,T-001,B-001,Servicio histórico sintético,2026-07-26T15:00:00Z,2026-07-26T09:00:00Z,2026-07-26T15:00:00Z,Inspección histórica sintética,AUTH-H105,QC-H105,,delivered
WO-H106,1,1,2026-09-21T18:00:00Z,2026-09-21T18:00:00Z,C-009,V-010,Q-H106,CT-001,T-002,B-002,Servicio histórico sintético,2026-07-26T04:00:00Z,2026-07-25T20:00:00Z,2026-07-26T04:00:00Z,Inspección histórica sintética,AUTH-H106,QC-H106,,delivered
WO-H107,1,1,2026-09-21T18:00:00Z,2026-09-21T18:00:00Z,C-010,V-011,Q-H107,CT-002,T-003,B-003,Servicio histórico sintético,2026-07-25T17:00:00Z,2026-07-25T07:00:00Z,2026-07-25T17:00:00Z,Inspección histórica sintética,AUTH-H107,QC-H107,,delivered
WO-H108,1,1,2026-09-21T18:00:00Z,2026-09-21T18:00:00Z,C-010,V-012,Q-H108,CT-002,T-004,B-004,Servicio histórico sintético,2026-07-27T00:00:00Z,2026-07-24T18:00:00Z,2026-07-27T00:00:00Z,Inspección histórica sintética,AUTH-H108,QC-H108,,delivered
WO-H109,1,1,2026-09-21T18:00:00Z,2026-09-21T18:00:00Z,C-001,V-001,Q-H109,,T-001,B-001,Servicio histórico sintético,2026-07-24T19:00:00Z,2026-07-24T05:00:00Z,2026-07-24T19:00:00Z,Inspección histórica sintética,AUTH-H109,QC-H109,,delivered
WO-H110,1,1,2026-09-21T18:00:00Z,2026-09-21T18:00:00Z,C-002,V-002,Q-H110,,T-002,B-002,Servicio histórico sintético,2026-07-24T08:00:00Z,2026-07-23T16:00:00Z,2026-07-24T08:00:00Z,Inspección histórica sintética,AUTH-H110,QC-H110,,delivered
WO-H111,1,1,2026-09-21T18:00:00Z,2026-09-21T18:00:00Z,C-003,V-003,Q-H111,,T-003,B-003,Servicio histórico sintético,2026-07-23T21:00:00Z,2026-07-23T03:00:00Z,2026-07-23T21:00:00Z,Inspección histórica sintética,AUTH-H111,QC-H111,,delivered
WO-H112,1,1,2026-09-21T18:00:00Z,2026-09-21T18:00:00Z,C-004,V-004,Q-H112,,T-004,B-004,Servicio histórico sintético,2026-07-22T20:00:00Z,2026-07-22T14:00:00Z,2026-07-22T20:00:00Z,Inspección histórica sintética,AUTH-H112,QC-H112,,delivered
WO-H113,1,1,2026-09-21T18:00:00Z,2026-09-21T18:00:00Z,C-005,V-005,Q-H113,,T-001,B-001,Servicio histórico sintético,2026-07-22T09:00:00Z,2026-07-22T01:00:00Z,2026-07-22T09:00:00Z,Inspección histórica sintética,AUTH-H113,QC-H113,,delivered
WO-H114,1,1,2026-09-21T18:00:00Z,2026-09-21T18:00:00Z,C-006,V-006,Q-H114,,T-002,B-002,Servicio histórico sintético,2026-07-21T22:00:00Z,2026-07-21T12:00:00Z,2026-07-21T22:00:00Z,Inspección histórica sintética,AUTH-H114,QC-H114,,delivered
WO-H115,1,1,2026-09-21T18:00:00Z,2026-09-21T18:00:00Z,C-007,V-007,Q-H115,,T-003,B-003,Servicio histórico sintético,2026-07-21T11:00:00Z,2026-07-20T23:00:00Z,2026-07-21T11:00:00Z,Inspección histórica sintética,AUTH-H115,QC-H115,,delivered
WO-H116,1,1,2026-09-21T18:00:00Z,2026-09-21T18:00:00Z,C-008,V-008,Q-H116,,T-004,B-004,Servicio histórico sintético,2026-07-21T00:00:00Z,2026-07-20T10:00:00Z,2026-07-21T00:00:00Z,Inspección histórica sintética,AUTH-H116,QC-H116,,delivered
WO-H117,1,1,2026-09-21T18:00:00Z,2026-09-21T18:00:00Z,C-009,V-009,Q-H117,CT-001,T-001,B-001,Servicio histórico sintético,2026-07-22T12:00:00Z,2026-07-19T21:00:00Z,2026-07-22T12:00:00Z,Inspección histórica sintética,AUTH-H117,QC-H117,,delivered
WO-H118,1,1,2026-09-21T18:00:00Z,2026-09-21T18:00:00Z,C-009,V-010,Q-H118,CT-001,T-002,B-002,Servicio histórico sintético,2026-07-20T02:00:00Z,2026-07-19T08:00:00Z,2026-07-20T02:00:00Z,Inspección histórica sintética,AUTH-H118,QC-H118,,delivered
WO-H119,1,1,2026-09-21T18:00:00Z,2026-09-21T18:00:00Z,C-010,V-011,Q-H119,CT-002,T-003,B-003,Servicio histórico sintético,2026-07-19T01:00:00Z,2026-07-18T19:00:00Z,2026-07-19T01:00:00Z,Inspección histórica sintética,AUTH-H119,QC-H119,,delivered
WO-H120,1,1,2026-09-21T18:00:00Z,2026-09-21T18:00:00Z,C-010,V-012,Q-H120,CT-002,T-004,B-004,Servicio histórico sintético,2026-07-18T14:00:00Z,2026-07-18T06:00:00Z,2026-07-18T14:00:00Z,Inspección histórica sintética,AUTH-H120,QC-H120,,delivered
WO-H121,1,1,2026-09-21T18:00:00Z,2026-09-21T18:00:00Z,C-001,V-001,Q-H121,,T-001,B-001,Servicio histórico sintético,2026-07-18T03:00:00Z,2026-07-17T17:00:00Z,2026-07-18T03:00:00Z,Inspección histórica sintética,AUTH-H121,QC-H121,,delivered
WO-H122,1,1,2026-09-21T18:00:00Z,2026-09-21T18:00:00Z,C-002,V-002,Q-H122,,T-002,B-002,Servicio histórico sintético,2026-07-17T16:00:00Z,2026-07-17T04:00:00Z,2026-07-17T16:00:00Z,Inspección histórica sintética,AUTH-H122,QC-H122,,delivered
WO-H123,1,1,2026-09-21T18:00:00Z,2026-09-21T18:00:00Z,C-003,V-003,Q-H123,,T-003,B-003,Servicio histórico sintético,2026-07-17T05:00:00Z,2026-07-16T15:00:00Z,2026-07-17T05:00:00Z,Inspección histórica sintética,AUTH-H123,QC-H123,,delivered
WO-H124,1,1,2026-09-21T18:00:00Z,2026-09-21T18:00:00Z,C-004,V-004,Q-H124,,T-004,B-004,Servicio histórico sintético,2026-07-16T18:00:00Z,2026-07-16T02:00:00Z,2026-07-16T18:00:00Z,Inspección histórica sintética,AUTH-H124,QC-H124,,delivered
WO-H125,1,1,2026-09-21T18:00:00Z,2026-09-21T18:00:00Z,C-005,V-005,Q-H125,,T-001,B-001,Servicio histórico sintético,2026-07-16T07:00:00Z,2026-07-15T13:00:00Z,2026-07-16T07:00:00Z,Inspección histórica sintética,AUTH-H125,QC-H125,,delivered
WO-H126,1,1,2026-09-21T18:00:00Z,2026-09-21T18:00:00Z,C-006,V-006,Q-H126,,T-002,B-002,Servicio histórico sintético,2026-07-17T12:00:00Z,2026-07-15T00:00:00Z,2026-07-17T12:00:00Z,Inspección histórica sintética,AUTH-H126,QC-H126,,delivered
WO-H127,1,1,2026-09-21T18:00:00Z,2026-09-21T18:00:00Z,C-007,V-007,Q-H127,,T-003,B-003,Servicio histórico sintético,2026-07-14T19:00:00Z,2026-07-14T11:00:00Z,2026-07-14T19:00:00Z,Inspección histórica sintética,AUTH-H127,QC-H127,,delivered
WO-H128,1,1,2026-09-21T18:00:00Z,2026-09-21T18:00:00Z,C-008,V-008,Q-H128,,T-004,B-004,Servicio histórico sintético,2026-07-14T08:00:00Z,2026-07-13T22:00:00Z,2026-07-14T08:00:00Z,Inspección histórica sintética,AUTH-H128,QC-H128,,delivered
WO-H129,1,1,2026-09-21T18:00:00Z,2026-09-21T18:00:00Z,C-009,V-009,Q-H129,CT-001,T-001,B-001,Servicio histórico sintético,2026-07-13T21:00:00Z,2026-07-13T09:00:00Z,2026-07-13T21:00:00Z,Inspección histórica sintética,AUTH-H129,QC-H129,,delivered
WO-H130,1,1,2026-09-21T18:00:00Z,2026-09-21T18:00:00Z,C-009,V-010,Q-H130,CT-001,T-002,B-002,Servicio histórico sintético,2026-07-13T10:00:00Z,2026-07-12T20:00:00Z,2026-07-13T10:00:00Z,Inspección histórica sintética,AUTH-H130,QC-H130,,delivered
WO-H131,1,1,2026-09-21T18:00:00Z,2026-09-21T18:00:00Z,C-010,V-011,Q-H131,CT-002,T-003,B-003,Servicio histórico sintético,2026-07-12T23:00:00Z,2026-07-12T07:00:00Z,2026-07-12T23:00:00Z,Inspección histórica sintética,AUTH-H131,QC-H131,,delivered
WO-H132,1,1,2026-09-21T18:00:00Z,2026-09-21T18:00:00Z,C-010,V-012,Q-H132,CT-002,T-004,B-004,Servicio histórico sintético,2026-07-12T12:00:00Z,2026-07-11T18:00:00Z,2026-07-12T12:00:00Z,Inspección histórica sintética,AUTH-H132,QC-H132,,delivered
WO-H133,1,1,2026-09-21T18:00:00Z,2026-09-21T18:00:00Z,C-001,V-001,Q-H133,,T-001,B-001,Servicio histórico sintético,2026-07-11T11:00:00Z,2026-07-11T05:00:00Z,2026-07-11T11:00:00Z,Inspección histórica sintética,AUTH-H133,QC-H133,,delivered
WO-H134,1,1,2026-09-21T18:00:00Z,2026-09-21T18:00:00Z,C-002,V-002,Q-H134,,T-002,B-002,Servicio histórico sintético,2026-07-11T00:00:00Z,2026-07-10T16:00:00Z,2026-07-11T00:00:00Z,Inspección histórica sintética,AUTH-H134,QC-H134,,delivered
WO-H135,1,1,2026-09-21T18:00:00Z,2026-09-21T18:00:00Z,C-003,V-003,Q-H135,,T-003,B-003,Servicio histórico sintético,2026-07-12T12:00:00Z,2026-07-10T03:00:00Z,2026-07-12T12:00:00Z,Inspección histórica sintética,AUTH-H135,QC-H135,,delivered
WO-H136,1,1,2026-09-21T18:00:00Z,2026-09-21T18:00:00Z,C-004,V-004,Q-H136,,T-004,B-004,Servicio histórico sintético,2026-07-10T02:00:00Z,2026-07-09T14:00:00Z,2026-07-10T02:00:00Z,Inspección histórica sintética,AUTH-H136,QC-H136,,delivered
WO-H137,1,1,2026-09-21T18:00:00Z,2026-09-21T18:00:00Z,C-005,V-005,Q-H137,,T-001,B-001,Servicio histórico sintético,2026-07-09T15:00:00Z,2026-07-09T01:00:00Z,2026-07-09T15:00:00Z,Inspección histórica sintética,AUTH-H137,QC-H137,,delivered
WO-H138,1,1,2026-09-21T18:00:00Z,2026-09-21T18:00:00Z,C-006,V-006,Q-H138,,T-002,B-002,Servicio histórico sintético,2026-07-09T04:00:00Z,2026-07-08T12:00:00Z,2026-07-09T04:00:00Z,Inspección histórica sintética,AUTH-H138,QC-H138,,delivered
WO-H139,1,1,2026-09-21T18:00:00Z,2026-09-21T18:00:00Z,C-007,V-007,Q-H139,,T-003,B-003,Servicio histórico sintético,2026-07-08T17:00:00Z,2026-07-07T23:00:00Z,2026-07-08T17:00:00Z,Inspección histórica sintética,AUTH-H139,QC-H139,,delivered
WO-H140,1,1,2026-09-21T18:00:00Z,2026-09-21T18:00:00Z,C-008,V-008,Q-H140,,T-004,B-004,Servicio histórico sintético,2026-07-07T16:00:00Z,2026-07-07T10:00:00Z,2026-07-07T16:00:00Z,Inspección histórica sintética,AUTH-H140,QC-H140,,delivered
WO-H141,1,1,2026-09-21T18:00:00Z,2026-09-21T18:00:00Z,C-009,V-009,Q-H141,CT-001,T-001,B-001,Servicio histórico sintético,2026-07-07T05:00:00Z,2026-07-06T21:00:00Z,2026-07-07T05:00:00Z,Inspección histórica sintética,AUTH-H141,QC-H141,,delivered
WO-H142,1,1,2026-09-21T18:00:00Z,2026-09-21T18:00:00Z,C-009,V-010,Q-H142,CT-001,T-002,B-002,Servicio histórico sintético,2026-07-06T18:00:00Z,2026-07-06T08:00:00Z,2026-07-06T18:00:00Z,Inspección histórica sintética,AUTH-H142,QC-H142,,delivered
WO-H143,1,1,2026-09-21T18:00:00Z,2026-09-21T18:00:00Z,C-010,V-011,Q-H143,CT-002,T-003,B-003,Servicio histórico sintético,2026-07-06T07:00:00Z,2026-07-05T19:00:00Z,2026-07-06T07:00:00Z,Inspección histórica sintética,AUTH-H143,QC-H143,,delivered
WO-H144,1,1,2026-09-21T18:00:00Z,2026-09-21T18:00:00Z,C-010,V-012,Q-H144,CT-002,T-004,B-004,Servicio histórico sintético,2026-07-07T12:00:00Z,2026-07-05T06:00:00Z,2026-07-07T12:00:00Z,Inspección histórica sintética,AUTH-H144,QC-H144,,delivered
WO-H145,1,1,2026-09-21T18:00:00Z,2026-09-21T18:00:00Z,C-001,V-001,Q-H145,,T-001,B-001,Servicio histórico sintético,2026-07-05T09:00:00Z,2026-07-04T17:00:00Z,2026-07-05T09:00:00Z,Inspección histórica sintética,AUTH-H145,QC-H145,,delivered
WO-H146,1,1,2026-09-21T18:00:00Z,2026-09-21T18:00:00Z,C-002,V-002,Q-H146,,T-002,B-002,Servicio histórico sintético,2026-07-04T22:00:00Z,2026-07-04T04:00:00Z,2026-07-04T22:00:00Z,Inspección histórica sintética,AUTH-H146,QC-H146,,delivered
WO-H147,1,1,2026-09-21T18:00:00Z,2026-09-21T18:00:00Z,C-003,V-003,Q-H147,,T-003,B-003,Servicio histórico sintético,2026-07-03T21:00:00Z,2026-07-03T15:00:00Z,2026-07-03T21:00:00Z,Inspección histórica sintética,AUTH-H147,QC-H147,,delivered
WO-H148,1,1,2026-09-21T18:00:00Z,2026-09-21T18:00:00Z,C-004,V-004,Q-H148,,T-004,B-004,Servicio histórico sintético,2026-07-03T10:00:00Z,2026-07-03T02:00:00Z,2026-07-03T10:00:00Z,Inspección histórica sintética,AUTH-H148,QC-H148,,delivered
WO-H149,1,1,2026-09-21T18:00:00Z,2026-09-21T18:00:00Z,C-005,V-005,Q-H149,,T-001,B-001,Servicio histórico sintético,2026-07-02T23:00:00Z,2026-07-02T13:00:00Z,2026-07-02T23:00:00Z,Inspección histórica sintética,AUTH-H149,QC-H149,,delivered
WO-H150,1,1,2026-09-21T18:00:00Z,2026-09-21T18:00:00Z,C-006,V-006,Q-H150,,T-002,B-002,Servicio histórico sintético,2026-07-02T12:00:00Z,2026-07-02T00:00:00Z,2026-07-02T12:00:00Z,Inspección histórica sintética,AUTH-H150,QC-H150,,delivered
WO-H151,1,1,2026-09-21T18:00:00Z,2026-09-21T18:00:00Z,C-007,V-007,Q-H151,,T-003,B-003,Servicio histórico sintético,2026-07-02T01:00:00Z,2026-07-01T11:00:00Z,2026-07-02T01:00:00Z,Inspección histórica sintética,AUTH-H151,QC-H151,,delivered
WO-H152,1,1,2026-09-21T18:00:00Z,2026-09-21T18:00:00Z,C-008,V-008,Q-H152,,T-004,B-004,Servicio histórico sintético,2026-07-01T14:00:00Z,2026-06-30T22:00:00Z,2026-07-01T14:00:00Z,Inspección histórica sintética,AUTH-H152,QC-H152,,delivered
WO-H153,1,1,2026-09-21T18:00:00Z,2026-09-21T18:00:00Z,C-009,V-009,Q-H153,CT-001,T-001,B-001,Servicio histórico sintético,2026-07-03T00:00:00Z,2026-06-30T09:00:00Z,2026-07-03T00:00:00Z,Inspección histórica sintética,AUTH-H153,QC-H153,,delivered
WO-H154,1,1,2026-09-21T18:00:00Z,2026-09-21T18:00:00Z,C-009,V-010,Q-H154,CT-001,T-002,B-002,Servicio histórico sintético,2026-06-30T02:00:00Z,2026-06-29T20:00:00Z,2026-06-30T02:00:00Z,Inspección histórica sintética,AUTH-H154,QC-H154,,delivered
WO-H155,1,1,2026-09-21T18:00:00Z,2026-09-21T18:00:00Z,C-010,V-011,Q-H155,CT-002,T-003,B-003,Servicio histórico sintético,2026-06-29T15:00:00Z,2026-06-29T07:00:00Z,2026-06-29T15:00:00Z,Inspección histórica sintética,AUTH-H155,QC-H155,,delivered
WO-H156,1,1,2026-09-21T18:00:00Z,2026-09-21T18:00:00Z,C-010,V-012,Q-H156,CT-002,T-004,B-004,Servicio histórico sintético,2026-06-29T04:00:00Z,2026-06-28T18:00:00Z,2026-06-29T04:00:00Z,Inspección histórica sintética,AUTH-H156,QC-H156,,delivered
WO-H157,1,1,2026-09-21T18:00:00Z,2026-09-21T18:00:00Z,C-001,V-001,Q-H157,,T-001,B-001,Servicio histórico sintético,2026-06-28T17:00:00Z,2026-06-28T05:00:00Z,2026-06-28T17:00:00Z,Inspección histórica sintética,AUTH-H157,QC-H157,,delivered
WO-H158,1,1,2026-09-21T18:00:00Z,2026-09-21T18:00:00Z,C-002,V-002,Q-H158,,T-002,B-002,Servicio histórico sintético,2026-06-28T06:00:00Z,2026-06-27T16:00:00Z,2026-06-28T06:00:00Z,Inspección histórica sintética,AUTH-H158,QC-H158,,delivered
WO-H159,1,1,2026-09-21T18:00:00Z,2026-09-21T18:00:00Z,C-003,V-003,Q-H159,,T-003,B-003,Servicio histórico sintético,2026-06-27T19:00:00Z,2026-06-27T03:00:00Z,2026-06-27T19:00:00Z,Inspección histórica sintética,AUTH-H159,QC-H159,,delivered
WO-H160,1,1,2026-09-21T18:00:00Z,2026-09-21T18:00:00Z,C-004,V-004,Q-H160,,T-004,B-004,Servicio histórico sintético,2026-06-27T08:00:00Z,2026-06-26T14:00:00Z,2026-06-27T08:00:00Z,Inspección histórica sintética,AUTH-H160,QC-H160,,delivered
