id,lead_id,quote_id,appointment_id,work_order_id,synthetic
J-H001,L-H001,Q-H001,A-H001,WO-H001,1
J-H002,L-H002,Q-H002,A-H002,WO-H002,1
J-H003,L-H003,Q-H003,A-H003,WO-H003,1
J-H004,L-H004,Q-H004,A-H004,WO-H004,1
J-H005,L-H005,Q-H005,A-H005,WO-H005,1
J-H006,L-H006,Q-H006,A-H006,WO-H006,1
J-H007,L-H007,Q-H007,A-H007,WO-H007,1
J-H008,L-H008,Q-H008,A-H008,WO-H008,1
J-H009,L-H009,Q-H009,A-H009,WO-H009,1
J-H010,L-H010,Q-H010,A-H010,WO-H010,1
J-H011,L-H011,Q-H011,A-H011,WO-H011,1
J-H012,L-H012,Q-H012,A-H012,WO-H012,1
J-H013,L-H013,Q-H013,A-H013,WO-H013,1
J-H014,L-H014,Q-H014,A-H014,WO-H014,1
J-H015,L-H015,Q-H015,A-H015,WO-H015,1
J-H016,L-H016,Q-H016,A-H016,WO-H016,1
J-H017,L-H017,Q-H017,A-H017,WO-H017,1
J-H018,L-H018,Q-H018,A-H018,WO-H018,1
J-H019,L-H019,Q-H019,A-H019,WO-H019,1
J-H020,L-H020,Q-H020,A-H020,WO-H020,1
J-H021,L-H021,Q-H021,A-H021,WO-H021,1
J-H022,L-H022,Q-H022,A-H022,WO-H022,1
J-H023,L-H023,Q-H023,A-H023,WO-H023,1
J-H024,L-H024,Q-H024,A-H024,WO-H024,1
J-H025,L-H025,Q-H025,A-H025,WO-H025,1
J-H026,L-H026,Q-H026,A-H026,WO-H026,1
J-H027,L-H027,Q-H027,A-H027,WO-H027,1
J-H028,L-H028,Q-H028,A-H028,WO-H028,1
J-H029,L-H029,Q-H029,A-H029,WO-H029,1
J-H030,L-H030,Q-H030,A-H030,WO-H030,1
J-H031,L-H031,Q-H031,A-H031,WO-H031,1
J-H032,L-H032,Q-H032,A-H032,WO-H032,1
J-H033,L-H033,Q-H033,A-H033,WO-H033,1
J-H034,L-H034,Q-H034,A-H034,WO-H034,1
J-H035,L-H035,Q-H035,A-H035,WO-H035,1
J-H036,L-H036,Q-H036,A-H036,WO-H036,1
J-H037,L-H037,Q-H037,A-H037,WO-H037,1
J-H038,L-H038,Q-H038,A-H038,WO-H038,1
J-H039,L-H039,Q-H039,A-H039,WO-H039,1
J-H040,L-H040,Q-H040,A-H040,WO-H040,1
J-H041,L-H041,Q-H041,A-H041,WO-H041,1
J-H042,L-H042,Q-H042,A-H042,WO-H042,1
J-H043,L-H043,Q-H043,A-H043,WO-H043,1
J-H044,L-H044,Q-H044,A-H044,WO-H044,1
J-H045,L-H045,Q-H045,A-H045,WO-H045,1
J-H046,L-H046,Q-H046,A-H046,WO-H046,1
J-H047,L-H047,Q-H047,A-H047,WO-H047,1
J-H048,L-H048,Q-H048,A-H048,WO-H048,1
J-H049,L-H049,Q-H049,A-H049,WO-H049,1
J-H050,L-H050,Q-H050,A-H050,WO-H050,1
J-H051,L-H051,Q-H051,A-H051,WO-H051,1
J-H052,L-H052,Q-H052,A-H052,WO-H052,1
J-H053,L-H053,Q-H053,A-H053,WO-H053,1
J-H054,L-H054,Q-H054,A-H054,WO-H054,1
J-H055,L-H055,Q-H055,A-H055,WO-H055,1
J-H056,L-H056,Q-H056,A-H056,WO-H056,1
J-H057,L-H057,Q-H057,A-H057,WO-H057,1
J-H058,L-H058,Q-H058,A-H058,WO-H058,1
J-H059,L-H059,Q-H059,A-H059,WO-H059,1
J-H060,L-H060,Q-H060,A-H060,WO-H060,1
J-H061,L-H061,Q-H061,A-H061,WO-H061,1
J-H062,L-H062,Q-H062,A-H062,WO-H062,1
J-H063,L-H063,Q-H063,A-H063,WO-H063,1
J-H064,L-H064,Q-H064,A-H064,WO-H064,1
J-H065,L-H065,Q-H065,A-H065,WO-H065,1
J-H066,L-H066,Q-H066,A-H066,WO-H066,1
J-H067,L-H067,Q-H067,A-H067,WO-H067,1
J-H068,L-H068,Q-H068,A-H068,WO-H068,1
J-H069,L-H069,Q-H069,A-H069,WO-H069,1
J-H070,L-H070,Q-H070,A-H070,WO-H070,1
J-H071,L-H071,Q-H071,A-H071,WO-H071,1
J-H072,L-H072,Q-H072,A-H072,WO-H072,1
J-H073,L-H073,Q-H073,A-H073,WO-H073,1
J-H074,L-H074,Q-H074,A-H074,WO-H074,1
J-H075,L-H075,Q-H075,A-H075,WO-H075,1
J-H076,L-H076,Q-H076,A-H076,WO-H076,1
J-H077,L-H077,Q-H077,A-H077,WO-H077,1
J-H078,L-H078,Q-H078,A-H078,WO-H078,1
J-H079,L-H079,Q-H079,A-H079,WO-H079,1
J-H080,L-H080,Q-H080,A-H080,WO-H080,1
J-H081,L-H081,Q-H081,A-H081,WO-H081,1
J-H082,L-H082,Q-H082,A-H082,WO-H082,1
J-H083,L-H083,Q-H083,A-H083,WO-H083,1
J-H084,L-H084,Q-H084,A-H084,WO-H084,1
J-H085,L-H085,Q-H085,A-H085,WO-H085,1
J-H086,L-H086,Q-H086,A-H086,WO-H086,1
J-H087,L-H087,Q-H087,A-H087,WO-H087,1
J-H088,L-H088,Q-H088,A-H088,WO-H088,1
J-H089,L-H089,Q-H089,A-H089,WO-H089,1
J-H090,L-H090,Q-H090,A-H090,WO-H090,1
J-H091,L-H091,Q-H091,A-H091,WO-H091,1
J-H092,L-H092,Q-H092,A-H092,WO-H092,1
J-H093,L-H093,Q-H093,A-H093,WO-H093,1
J-H094,L-H094,Q-H094,A-H094,WO-H094,1
J-H095,L-H095,Q-H095,A-H095,WO-H095,1
J-H096,L-H096,Q-H096,A-H096,WO-H096,1
J-H097,L-H097,Q-H097,A-H097,WO-H097,1
J-H098,L-H098,Q-H098,A-H098,WO-H098,1
J-H099,L-H099,Q-H099,A-H099,WO-H099,1
J-H100,L-H100,Q-H100,A-H100,WO-H100,1
J-H101,L-H101,Q-H101,A-H101,WO-H101,1
J-H102,L-H102,Q-H102,A-H102,WO-H102,1
J-H103,L-H103,Q-H103,A-H103,WO-H103,1
J-H104,L-H104,Q-H104,A-H104,WO-H104,1
J-H105,L-H105,Q-H105,A-H105,WO-H105,1
J-H106,L-H106,Q-H106,A-H106,WO-H106,1
J-H107,L-H107,Q-H107,A-H107,WO-H107,1
J-H108,L-H108,Q-H108,A-H108,WO-H108,1
J-H109,L-H109,Q-H109,A-H109,WO-H109,1
J-H110,L-H110,Q-H110,A-H110,WO-H110,1
J-H111,L-H111,Q-H111,A-H111,WO-H111,1
J-H112,L-H112,Q-H112,A-H112,WO-H112,1
J-H113,L-H113,Q-H113,A-H113,WO-H113,1
J-H114,L-H114,Q-H114,A-H114,WO-H114,1
J-H115,L-H115,Q-H115,A-H115,WO-H115,1
J-H116,L-H116,Q-H116,A-H116,WO-H116,1
J-H117,L-H117,Q-H117,A-H117,WO-H117,1
J-H118,L-H118,Q-H118,A-H118,WO-H118,1
J-H119,L-H119,Q-H119,A-H119,WO-H119,1
J-H120,L-H120,Q-H120,A-H120,WO-H120,1
J-H121,L-H121,Q-H121,A-H121,WO-H121,1
J-H122,L-H122,Q-H122,A-H122,WO-H122,1
J-H123,L-H123,Q-H123,A-H123,WO-H123,1
J-H124,L-H124,Q-H124,A-H124,WO-H124,1
J-H125,L-H125,Q-H125,A-H125,WO-H125,1
J-H126,L-H126,Q-H126,A-H126,WO-H126,1
J-H127,L-H127,Q-H127,A-H127,WO-H127,1
J-H128,L-H128,Q-H128,A-H128,WO-H128,1
J-H129,L-H129,Q-H129,A-H129,WO-H129,1
J-H130,L-H130,Q-H130,A-H130,WO-H130,1
J-H131,L-H131,Q-H131,A-H131,WO-H131,1
J-H132,L-H132,Q-H132,A-H132,WO-H132,1
J-H133,L-H133,Q-H133,A-H133,WO-H133,1
J-H134,L-H134,Q-H134,A-H134,WO-H134,1
J-H135,L-H135,Q-H135,A-H135,WO-H135,1
J-H136,L-H136,Q-H136,A-H136,WO-H136,1
J-H137,L-H137,Q-H137,A-H137,WO-H137,1
J-H138,L-H138,Q-H138,A-H138,WO-H138,1
J-H139,L-H139,Q-H139,A-H139,WO-H139,1
J-H140,L-H140,Q-H140,A-H140,WO-H140,1
J-H141,L-H141,Q-H141,A-H141,WO-H141,1
J-H142,L-H142,Q-H142,A-H142,WO-H142,1
J-H143,L-H143,Q-H143,A-H143,WO-H143,1
J-H144,L-H144,Q-H144,A-H144,WO-H144,1
J-H145,L-H145,Q-H145,A-H145,WO-H145,1
J-H146,L-H146,Q-H146,A-H146,WO-H146,1
J-H147,L-H147,Q-H147,A-H147,WO-H147,1
J-H148,L-H148,Q-H148,A-H148,WO-H148,1
J-H149,L-H149,Q-H149,A-H149,WO-H149,1
J-H150,L-H150,Q-H150,A-H150,WO-H150,1
J-H151,L-H151,Q-H151,A-H151,WO-H151,1
J-H152,L-H152,Q-H152,A-H152,WO-H152,1
J-H153,L-H153,Q-H153,A-H153,WO-H153,1
J-H154,L-H154,Q-H154,A-H154,WO-H154,1
J-H155,L-H155,Q-H155,A-H155,WO-H155,1
J-H156,L-H156,Q-H156,A-H156,WO-H156,1
J-H157,L-H157,Q-H157,A-H157,WO-H157,1
J-H158,L-H158,Q-H158,A-H158,WO-H158,1
J-H159,L-H159,Q-H159,A-H159,WO-H159,1
J-H160,L-H160,Q-H160,A-H160,WO-H160,1
