id,version,synthetic,created_at,updated_at,customer_id,vehicle_id,description,amount_cents,valid_until,authorization_ref,status
Q-001,1,1,2026-09-21T18:00:00Z,2026-09-21T18:00:00Z,C-001,V-001,Mantenimiento preventivo demo,185000,2026-10-15T00:00:00Z,AUTH-C001,accepted
Q-002,1,1,2026-09-21T18:00:00Z,2026-09-21T18:00:00Z,C-002,V-002,Mantenimiento preventivo demo,92000,2026-10-15T00:00:00Z,AUTH-C002,accepted
Q-003,1,1,2026-09-21T18:00:00Z,2026-09-21T18:00:00Z,C-003,V-003,Mantenimiento preventivo demo,47500,2026-10-15T00:00:00Z,AUTH-C003,accepted
Q-004,1,1,2026-09-21T18:00:00Z,2026-09-21T18:00:00Z,C-004,V-004,Mantenimiento preventivo demo,210000,2026-10-15T00:00:00Z,AUTH-C004,accepted
Q-005,1,1,2026-09-21T18:00:00Z,2026-09-21T18:00:00Z,C-009,V-009,Mantenimiento preventivo demo,300000,2026-10-15T00:00:00Z,AUTH-FLEET-01,accepted
Q-006,1,1,2026-09-21T18:00:00Z,2026-09-21T18:00:00Z,C-006,V-006,Mantenimiento preventivo demo,125000,2026-10-15T00:00:00Z,AUTH-C006,accepted
Q-007,1,1,2026-09-21T18:00:00Z,2026-09-21T18:00:00Z,C-008,V-008,Mantenimiento preventivo demo,110000,2026-10-15T00:00:00Z,AUTH-C008,accepted
Q-008,1,1,2026-09-21T18:00:00Z,2026-09-21T18:00:00Z,C-010,V-011,Mantenimiento preventivo demo,99000,2026-10-15T00:00:00Z,AUTH-C010,accepted
Q-009,1,1,2026-09-21T18:00:00Z,2026-09-21T18:00:00Z,C-005,V-005,Mantenimiento preventivo demo,65000,2026-10-15T00:00:00Z,,sent
Q-010,1,1,2026-09-21T18:00:00Z,2026-09-21T18:00:00Z,C-007,V-007,Mantenimiento preventivo demo,72000,2026-09-20T00:00:00Z,,sent
Q-H001,1,1,2026-09-21T18:00:00Z,2026-09-21T18:00:00Z,C-001,V-001,Servicio histórico sintético,77500,2026-10-05T01:00:00Z,AUTH-H001,accepted
Q-H002,1,1,2026-09-21T18:00:00Z,2026-09-21T18:00:00Z,C-002,V-002,Servicio histórico sintético,90000,2026-10-04T14:00:00Z,AUTH-H002,accepted
Q-H003,1,1,2026-09-21T18:00:00Z,2026-09-21T18:00:00Z,C-003,V-003,Servicio histórico sintético,102500,2026-10-04T03:00:00Z,AUTH-H003,accepted
Q-H004,1,1,2026-09-21T18:00:00Z,2026-09-21T18:00:00Z,C-004,V-004,Servicio histórico sintético,115000,2026-10-03T16:00:00Z,AUTH-H004,accepted
Q-H005,1,1,2026-09-21T18:00:00Z,2026-09-21T18:00:00Z,C-005,V-005,Servicio histórico sintético,127500,2026-10-03T05:00:00Z,AUTH-H005,accepted
Q-H006,1,1,2026-09-21T18:00:00Z,2026-09-21T18:00:00Z,C-006,V-006,Servicio histórico sintético,140000,2026-10-02T18:00:00Z,AUTH-H006,accepted
Q-H007,1,1,2026-09-21T18:00:00Z,2026-09-21T18:00:00Z,C-007,V-007,Servicio histórico sintético,152500,2026-10-01T17:00:00Z,AUTH-H007,accepted
Q-H008,1,1,2026-09-21T18:00:00Z,2026-09-21T18:00:00Z,C-008,V-008,Servicio histórico sintético,165000,2026-10-01T06:00:00Z,AUTH-H008,accepted
Q-H009,1,1,2026-09-21T18:00:00Z,2026-09-21T18:00:00Z,C-009,V-009,Servicio histórico sintético,177500,2026-10-03T00:00:00Z,AUTH-H009,accepted
Q-H010,1,1,2026-09-21T18:00:00Z,2026-09-21T18:00:00Z,C-009,V-010,Servicio histórico sintético,190000,2026-09-30T08:00:00Z,AUTH-H010,accepted
Q-H011,1,1,2026-09-21T18:00:00Z,2026-09-21T18:00:00Z,C-010,V-011,Servicio histórico sintético,65000,2026-09-29T21:00:00Z,AUTH-H011,accepted
Q-H012,1,1,2026-09-21T18:00:00Z,2026-09-21T18:00:00Z,C-010,V-012,Servicio histórico sintético,77500,2026-09-29T10:00:00Z,AUTH-H012,accepted
Q-H013,1,1,2026-09-21T18:00:00Z,2026-09-21T18:00:00Z,C-001,V-001,Servicio histórico sintético,90000,2026-09-28T23:00:00Z,AUTH-H013,accepted
Q-H014,1,1,2026-09-21T18:00:00Z,2026-09-21T18:00:00Z,C-002,V-002,Servicio histórico sintético,102500,2026-09-27T22:00:00Z,AUTH-H014,accepted
Q-H015,1,1,2026-09-21T18:00:00Z,2026-09-21T18:00:00Z,C-003,V-003,Servicio histórico sintético,115000,2026-09-27T11:00:00Z,AUTH-H015,accepted
Q-H016,1,1,2026-09-21T18:00:00Z,2026-09-21T18:00:00Z,C-004,V-004,Servicio histórico sintético,127500,2026-09-27T00:00:00Z,AUTH-H016,accepted
Q-H017,1,1,2026-09-21T18:00:00Z,2026-09-21T18:00:00Z,C-005,V-005,Servicio histórico sintético,140000,2026-09-26T13:00:00Z,AUTH-H017,accepted
Q-H018,1,1,2026-09-21T18:00:00Z,2026-09-21T18:00:00Z,C-006,V-006,Servicio histórico sintético,152500,2026-09-28T00:00:00Z,AUTH-H018,accepted
Q-H019,1,1,2026-09-21T18:00:00Z,2026-09-21T18:00:00Z,C-007,V-007,Servicio histórico sintético,165000,2026-09-25T15:00:00Z,AUTH-H019,accepted
Q-H020,1,1,2026-09-21T18:00:00Z,2026-09-21T18:00:00Z,C-008,V-008,Servicio histórico sintético,177500,2026-09-25T04:00:00Z,AUTH-H020,accepted
Q-H021,1,1,2026-09-21T18:00:00Z,2026-09-21T18:00:00Z,C-009,V-009,Servicio histórico sintético,190000,2026-09-24T03:00:00Z,AUTH-H021,accepted
Q-H022,1,1,2026-09-21T18:00:00Z,2026-09-21T18:00:00Z,C-009,V-010,Servicio histórico sintético,65000,2026-09-23T16:00:00Z,AUTH-H022,accepted
Q-H023,1,1,2026-09-21T18:00:00Z,2026-09-21T18:00:00Z,C-010,V-011,Servicio histórico sintético,77500,2026-09-23T05:00:00Z,AUTH-H023,accepted
Q-H024,1,1,2026-09-21T18:00:00Z,2026-09-21T18:00:00Z,C-010,V-012,Servicio histórico sintético,90000,2026-09-22T18:00:00Z,AUTH-H024,accepted
Q-H025,1,1,2026-09-21T18:00:00Z,2026-09-21T18:00:00Z,C-001,V-001,Servicio histórico sintético,102500,2026-09-22T07:00:00Z,AUTH-H025,accepted
Q-H026,1,1,2026-09-21T18:00:00Z,2026-09-21T18:00:00Z,C-002,V-002,Servicio histórico sintético,115000,2026-09-21T20:00:00Z,AUTH-H026,accepted
Q-H027,1,1,2026-09-21T18:00:00Z,2026-09-21T18:00:00Z,C-003,V-003,Servicio histórico sintético,127500,2026-09-23T00:00:00Z,AUTH-H027,accepted
Q-H028,1,1,2026-09-21T18:00:00Z,2026-09-21T18:00:00Z,C-004,V-004,Servicio histórico sintético,140000,2026-09-20T08:00:00Z,AUTH-H028,accepted
Q-H029,1,1,2026-09-21T18:00:00Z,2026-09-21T18:00:00Z,C-005,V-005,Servicio histórico sintético,152500,2026-09-19T21:00:00Z,AUTH-H029,accepted
Q-H030,1,1,2026-09-21T18:00:00Z,2026-09-21T18:00:00Z,C-006,V-006,Servicio histórico sintético,165000,2026-09-19T10:00:00Z,AUTH-H030,accepted
Q-H031,1,1,2026-09-21T18:00:00Z,2026-09-21T18:00:00Z,C-007,V-007,Servicio histórico sintético,177500,2026-09-18T23:00:00Z,AUTH-H031,accepted
Q-H032,1,1,2026-09-21T18:00:00Z,2026-09-21T18:00:00Z,C-008,V-008,Servicio histórico sintético,190000,2026-09-18T12:00:00Z,AUTH-H032,accepted
Q-H033,1,1,2026-09-21T18:00:00Z,2026-09-21T18:00:00Z,C-009,V-009,Servicio histórico sintético,65000,2026-09-18T01:00:00Z,AUTH-H033,accepted
Q-H034,1,1,2026-09-21T18:00:00Z,2026-09-21T18:00:00Z,C-009,V-010,Servicio histórico sintético,77500,2026-09-17T14:00:00Z,AUTH-H034,accepted
Q-H035,1,1,2026-09-21T18:00:00Z,2026-09-21T18:00:00Z,C-010,V-011,Servicio histórico sintético,90000,2026-09-16T13:00:00Z,AUTH-H035,accepted
Q-H036,1,1,2026-09-21T18:00:00Z,2026-09-21T18:00:00Z,C-010,V-012,Servicio histórico sintético,102500,2026-09-18T00:00:00Z,AUTH-H036,accepted
Q-H037,1,1,2026-09-21T18:00:00Z,2026-09-21T18:00:00Z,C-001,V-001,Servicio histórico sintético,115000,2026-09-15T15:00:00Z,AUTH-H037,accepted
Q-H038,1,1,2026-09-21T18:00:00Z,2026-09-21T18:00:00Z,C-002,V-002,Servicio histórico sintético,127500,2026-09-15T04:00:00Z,AUTH-H038,accepted
Q-H039,1,1,2026-09-21T18:00:00Z,2026-09-21T18:00:00Z,C-003,V-003,Servicio histórico sintético,140000,2026-09-14T17:00:00Z,AUTH-H039,accepted
Q-H040,1,1,2026-09-21T18:00:00Z,2026-09-21T18:00:00Z,C-004,V-004,Servicio histórico sintético,152500,2026-09-14T06:00:00Z,AUTH-H040,accepted
Q-H041,1,1,2026-09-21T18:00:00Z,2026-09-21T18:00:00Z,C-005,V-005,Servicio histórico sintético,165000,2026-09-13T19:00:00Z,AUTH-H041,accepted
Q-H042,1,1,2026-09-21T18:00:00Z,2026-09-21T18:00:00Z,C-006,V-006,Servicio histórico sintético,177500,2026-09-12T18:00:00Z,AUTH-H042,accepted
Q-H043,1,1,2026-09-21T18:00:00Z,2026-09-21T18:00:00Z,C-007,V-007,Servicio histórico sintético,190000,2026-09-12T07:00:00Z,AUTH-H043,accepted
Q-H044,1,1,2026-09-21T18:00:00Z,2026-09-21T18:00:00Z,C-008,V-008,Servicio histórico sintético,65000,2026-09-11T20:00:00Z,AUTH-H044,accepted
Q-H045,1,1,2026-09-21T18:00:00Z,2026-09-21T18:00:00Z,C-009,V-009,Servicio histórico sintético,77500,2026-09-13T12:00:00Z,AUTH-H045,accepted
Q-H046,1,1,2026-09-21T18:00:00Z,2026-09-21T18:00:00Z,C-009,V-010,Servicio histórico sintético,90000,2026-09-10T22:00:00Z,AUTH-H046,accepted
Q-H047,1,1,2026-09-21T18:00:00Z,2026-09-21T18:00:00Z,C-010,V-011,Servicio histórico sintético,102500,2026-09-10T11:00:00Z,AUTH-H047,accepted
Q-H048,1,1,2026-09-21T18:00:00Z,2026-09-21T18:00:00Z,C-010,V-012,Servicio histórico sintético,115000,2026-09-10T00:00:00Z,AUTH-H048,accepted
Q-H049,1,1,2026-09-21T18:00:00Z,2026-09-21T18:00:00Z,C-001,V-001,Servicio histórico sintético,127500,2026-09-08T23:00:00Z,AUTH-H049,accepted
Q-H050,1,1,2026-09-21T18:00:00Z,2026-09-21T18:00:00Z,C-002,V-002,Servicio histórico sintético,140000,2026-09-08T12:00:00Z,AUTH-H050,accepted
Q-H051,1,1,2026-09-21T18:00:00Z,2026-09-21T18:00:00Z,C-003,V-003,Servicio histórico sintético,152500,2026-09-08T01:00:00Z,AUTH-H051,accepted
Q-H052,1,1,2026-09-21T18:00:00Z,2026-09-21T18:00:00Z,C-004,V-004,Servicio histórico sintético,165000,2026-09-07T14:00:00Z,AUTH-H052,accepted
Q-H053,1,1,2026-09-21T18:00:00Z,2026-09-21T18:00:00Z,C-005,V-005,Servicio histórico sintético,177500,2026-09-07T03:00:00Z,AUTH-H053,accepted
Q-H054,1,1,2026-09-21T18:00:00Z,2026-09-21T18:00:00Z,C-006,V-006,Servicio histórico sintético,190000,2026-09-08T12:00:00Z,AUTH-H054,accepted
Q-H055,1,1,2026-09-21T18:00:00Z,2026-09-21T18:00:00Z,C-007,V-007,Servicio histórico sintético,65000,2026-09-06T05:00:00Z,AUTH-H055,accepted
Q-H056,1,1,2026-09-21T18:00:00Z,2026-09-21T18:00:00Z,C-008,V-008,Servicio histórico sintético,77500,2026-09-05T04:00:00Z,AUTH-H056,accepted
Q-H057,1,1,2026-09-21T18:00:00Z,2026-09-21T18:00:00Z,C-009,V-009,Servicio histórico sintético,90000,2026-09-04T17:00:00Z,AUTH-H057,accepted
Q-H058,1,1,2026-09-21T18:00:00Z,2026-09-21T18:00:00Z,C-009,V-010,Servicio histórico sintético,102500,2026-09-04T06:00:00Z,AUTH-H058,accepted
Q-H059,1,1,2026-09-21T18:00:00Z,2026-09-21T18:00:00Z,C-010,V-011,Servicio histórico sintético,115000,2026-09-03T19:00:00Z,AUTH-H059,accepted
Q-H060,1,1,2026-09-21T18:00:00Z,2026-09-21T18:00:00Z,C-010,V-012,Servicio histórico sintético,127500,2026-09-03T08:00:00Z,AUTH-H060,accepted
Q-H061,1,1,2026-09-21T18:00:00Z,2026-09-21T18:00:00Z,C-001,V-001,Servicio histórico sintético,140000,2026-09-02T21:00:00Z,AUTH-H061,accepted
Q-H062,1,1,2026-09-21T18:00:00Z,2026-09-21T18:00:00Z,C-002,V-002,Servicio histórico sintético,152500,2026-09-02T10:00:00Z,AUTH-H062,accepted
Q-H063,1,1,2026-09-21T18:00:00Z,2026-09-21T18:00:00Z,C-003,V-003,Servicio histórico sintético,165000,2026-09-03T12:00:00Z,AUTH-H063,accepted
Q-H064,1,1,2026-09-21T18:00:00Z,2026-09-21T18:00:00Z,C-004,V-004,Servicio histórico sintético,177500,2026-08-31T22:00:00Z,AUTH-H064,accepted
Q-H065,1,1,2026-09-21T18:00:00Z,2026-09-21T18:00:00Z,C-005,V-005,Servicio histórico sintético,190000,2026-08-31T11:00:00Z,AUTH-H065,accepted
Q-H066,1,1,2026-09-21T18:00:00Z,2026-09-21T18:00:00Z,C-006,V-006,Servicio histórico sintético,65000,2026-08-31T00:00:00Z,AUTH-H066,accepted
Q-H067,1,1,2026-09-21T18:00:00Z,2026-09-21T18:00:00Z,C-007,V-007,Servicio histórico sintético,77500,2026-08-30T13:00:00Z,AUTH-H067,accepted
Q-H068,1,1,2026-09-21T18:00:00Z,2026-09-21T18:00:00Z,C-008,V-008,Servicio histórico sintético,90000,2026-08-30T02:00:00Z,AUTH-H068,accepted
Q-H069,1,1,2026-09-21T18:00:00Z,2026-09-21T18:00:00Z,C-009,V-009,Servicio histórico sintético,102500,2026-08-29T15:00:00Z,AUTH-H069,accepted
Q-H070,1,1,2026-09-21T18:00:00Z,2026-09-21T18:00:00Z,C-009,V-010,Servicio histórico sintético,115000,2026-08-28T14:00:00Z,AUTH-H070,accepted
Q-H071,1,1,2026-09-21T18:00:00Z,2026-09-21T18:00:00Z,C-010,V-011,Servicio histórico sintético,127500,2026-08-28T03:00:00Z,AUTH-H071,accepted
Q-H072,1,1,2026-09-21T18:00:00Z,2026-09-21T18:00:00Z,C-010,V-012,Servicio histórico sintético,140000,2026-08-29T12:00:00Z,AUTH-H072,accepted
Q-H073,1,1,2026-09-21T18:00:00Z,2026-09-21T18:00:00Z,C-001,V-001,Servicio histórico sintético,152500,2026-08-27T05:00:00Z,AUTH-H073,accepted
Q-H074,1,1,2026-09-21T18:00:00Z,2026-09-21T18:00:00Z,C-002,V-002,Servicio histórico sintético,165000,2026-08-26T18:00:00Z,AUTH-H074,accepted
Q-H075,1,1,2026-09-21T18:00:00Z,2026-09-21T18:00:00Z,C-003,V-003,Servicio histórico sintético,177500,2026-08-26T07:00:00Z,AUTH-H075,accepted
Q-H076,1,1,2026-09-21T18:00:00Z,2026-09-21T18:00:00Z,C-004,V-004,Servicio histórico sintético,190000,2026-08-25T20:00:00Z,AUTH-H076,accepted
Q-H077,1,1,2026-09-21T18:00:00Z,2026-09-21T18:00:00Z,C-005,V-005,Servicio histórico sintético,65000,2026-08-24T19:00:00Z,AUTH-H077,accepted
Q-H078,1,1,2026-09-21T18:00:00Z,2026-09-21T18:00:00Z,C-006,V-006,Servicio histórico sintético,77500,2026-08-24T08:00:00Z,AUTH-H078,accepted
Q-H079,1,1,2026-09-21T18:00:00Z,2026-09-21T18:00:00Z,C-007,V-007,Servicio histórico sintético,90000,2026-08-23T21:00:00Z,AUTH-H079,accepted
Q-H080,1,1,2026-09-21T18:00:00Z,2026-09-21T18:00:00Z,C-008,V-008,Servicio histórico sintético,102500,2026-08-23T10:00:00Z,AUTH-H080,accepted
Q-H081,1,1,2026-09-21T18:00:00Z,2026-09-21T18:00:00Z,C-009,V-009,Servicio histórico sintético,115000,2026-08-25T00:00:00Z,AUTH-H081,accepted
Q-H082,1,1,2026-09-21T18:00:00Z,2026-09-21T18:00:00Z,C-009,V-010,Servicio histórico sintético,127500,2026-08-22T12:00:00Z,AUTH-H082,accepted
Q-H083,1,1,2026-09-21T18:00:00Z,2026-09-21T18:00:00Z,C-010,V-011,Servicio histórico sintético,140000,2026-08-22T01:00:00Z,AUTH-H083,accepted
Q-H084,1,1,2026-09-21T18:00:00Z,2026-09-21T18:00:00Z,C-010,V-012,Servicio histórico sintético,152500,2026-08-21T00:00:00Z,AUTH-H084,accepted
Q-H085,1,1,2026-09-21T18:00:00Z,2026-09-21T18:00:00Z,C-001,V-001,Servicio histórico sintético,165000,2026-08-20T13:00:00Z,AUTH-H085,accepted
Q-H086,1,1,2026-09-21T18:00:00Z,2026-09-21T18:00:00Z,C-002,V-002,Servicio histórico sintético,177500,2026-08-20T02:00:00Z,AUTH-H086,accepted
Q-H087,1,1,2026-09-21T18:00:00Z,2026-09-21T18:00:00Z,C-003,V-003,Servicio histórico sintético,190000,2026-08-19T15:00:00Z,AUTH-H087,accepted
Q-H088,1,1,2026-09-21T18:00:00Z,2026-09-21T18:00:00Z,C-004,V-004,Servicio histórico sintético,65000,2026-08-19T04:00:00Z,AUTH-H088,accepted
Q-H089,1,1,2026-09-21T18:00:00Z,2026-09-21T18:00:00Z,C-005,V-005,Servicio histórico sintético,77500,2026-08-18T17:00:00Z,AUTH-H089,accepted
Q-H090,1,1,2026-09-21T18:00:00Z,2026-09-21T18:00:00Z,C-006,V-006,Servicio histórico sintético,90000,2026-08-20T00:00:00Z,AUTH-H090,accepted
Q-H091,1,1,2026-09-21T18:00:00Z,2026-09-21T18:00:00Z,C-007,V-007,Servicio histórico sintético,102500,2026-08-17T05:00:00Z,AUTH-H091,accepted
Q-H092,1,1,2026-09-21T18:00:00Z,2026-09-21T18:00:00Z,C-008,V-008,Servicio histórico sintético,115000,2026-08-16T18:00:00Z,AUTH-H092,accepted
Q-H093,1,1,2026-09-21T18:00:00Z,2026-09-21T18:00:00Z,C-009,V-009,Servicio histórico sintético,127500,2026-08-16T07:00:00Z,AUTH-H093,accepted
Q-H094,1,1,2026-09-21T18:00:00Z,2026-09-21T18:00:00Z,C-009,V-010,Servicio histórico sintético,140000,2026-08-15T20:00:00Z,AUTH-H094,accepted
Q-H095,1,1,2026-09-21T18:00:00Z,2026-09-21T18:00:00Z,C-010,V-011,Servicio histórico sintético,152500,2026-08-15T09:00:00Z,AUTH-H095,accepted
Q-H096,1,1,2026-09-21T18:00:00Z,2026-09-21T18:00:00Z,C-010,V-012,Servicio histórico sintético,165000,2026-08-14T22:00:00Z,AUTH-H096,accepted
Q-H097,1,1,2026-09-21T18:00:00Z,2026-09-21T18:00:00Z,C-001,V-001,Servicio histórico sintético,177500,2026-08-14T11:00:00Z,AUTH-H097,accepted
Q-H098,1,1,2026-09-21T18:00:00Z,2026-09-21T18:00:00Z,C-002,V-002,Servicio histórico sintético,190000,2026-08-13T10:00:00Z,AUTH-H098,accepted
Q-H099,1,1,2026-09-21T18:00:00Z,2026-09-21T18:00:00Z,C-003,V-003,Servicio histórico sintético,65000,2026-08-15T00:00:00Z,AUTH-H099,accepted
Q-H100,1,1,2026-09-21T18:00:00Z,2026-09-21T18:00:00Z,C-004,V-004,Servicio histórico sintético,77500,2026-08-12T12:00:00Z,AUTH-H100,accepted
Q-H101,1,1,2026-09-21T18:00:00Z,2026-09-21T18:00:00Z,C-005,V-005,Servicio histórico sintético,90000,2026-08-12T01:00:00Z,AUTH-H101,accepted
Q-H102,1,1,2026-09-21T18:00:00Z,2026-09-21T18:00:00Z,C-006,V-006,Servicio histórico sintético,102500,2026-08-11T14:00:00Z,AUTH-H102,accepted
Q-H103,1,1,2026-09-21T18:00:00Z,2026-09-21T18:00:00Z,C-007,V-007,Servicio histórico sintético,115000,2026-08-11T03:00:00Z,AUTH-H103,accepted
Q-H104,1,1,2026-09-21T18:00:00Z,2026-09-21T18:00:00Z,C-008,V-008,Servicio histórico sintético,127500,2026-08-10T16:00:00Z,AUTH-H104,accepted
Q-H105,1,1,2026-09-21T18:00:00Z,2026-09-21T18:00:00Z,C-009,V-009,Servicio histórico sintético,140000,2026-08-09T15:00:00Z,AUTH-H105,accepted
Q-H106,1,1,2026-09-21T18:00:00Z,2026-09-21T18:00:00Z,C-009,V-010,Servicio histórico sintético,152500,2026-08-09T04:00:00Z,AUTH-H106,accepted
Q-H107,1,1,2026-09-21T18:00:00Z,2026-09-21T18:00:00Z,C-010,V-011,Servicio histórico sintético,165000,2026-08-08T17:00:00Z,AUTH-H107,accepted
Q-H108,1,1,2026-09-21T18:00:00Z,2026-09-21T18:00:00Z,C-010,V-012,Servicio histórico sintético,177500,2026-08-10T00:00:00Z,AUTH-H108,accepted
Q-H109,1,1,2026-09-21T18:00:00Z,2026-09-21T18:00:00Z,C-001,V-001,Servicio histórico sintético,190000,2026-08-07T19:00:00Z,AUTH-H109,accepted
Q-H110,1,1,2026-09-21T18:00:00Z,2026-09-21T18:00:00Z,C-002,V-002,Servicio histórico sintético,65000,2026-08-07T08:00:00Z,AUTH-H110,accepted
Q-H111,1,1,2026-09-21T18:00:00Z,2026-09-21T18:00:00Z,C-003,V-003,Servicio histórico sintético,77500,2026-08-06T21:00:00Z,AUTH-H111,accepted
Q-H112,1,1,2026-09-21T18:00:00Z,2026-09-21T18:00:00Z,C-004,V-004,Servicio histórico sintético,90000,2026-08-05T20:00:00Z,AUTH-H112,accepted
Q-H113,1,1,2026-09-21T18:00:00Z,2026-09-21T18:00:00Z,C-005,V-005,Servicio histórico sintético,102500,2026-08-05T09:00:00Z,AUTH-H113,accepted
Q-H114,1,1,2026-09-21T18:00:00Z,2026-09-21T18:00:00Z,C-006,V-006,Servicio histórico sintético,115000,2026-08-04T22:00:00Z,AUTH-H114,accepted
Q-H115,1,1,2026-09-21T18:00:00Z,2026-09-21T18:00:00Z,C-007,V-007,Servicio histórico sintético,127500,2026-08-04T11:00:00Z,AUTH-H115,accepted
Q-H116,1,1,2026-09-21T18:00:00Z,2026-09-21T18:00:00Z,C-008,V-008,Servicio histórico sintético,140000,2026-08-04T00:00:00Z,AUTH-H116,accepted
Q-H117,1,1,2026-09-21T18:00:00Z,2026-09-21T18:00:00Z,C-009,V-009,Servicio histórico sintético,152500,2026-08-05T12:00:00Z,AUTH-H117,accepted
Q-H118,1,1,2026-09-21T18:00:00Z,2026-09-21T18:00:00Z,C-009,V-010,Servicio histórico sintético,165000,2026-08-03T02:00:00Z,AUTH-H118,accepted
Q-H119,1,1,2026-09-21T18:00:00Z,2026-09-21T18:00:00Z,C-010,V-011,Servicio histórico sintético,177500,2026-08-02T01:00:00Z,AUTH-H119,accepted
Q-H120,1,1,2026-09-21T18:00:00Z,2026-09-21T18:00:00Z,C-010,V-012,Servicio histórico sintético,190000,2026-08-01T14:00:00Z,AUTH-H120,accepted
Q-H121,1,1,2026-09-21T18:00:00Z,2026-09-21T18:00:00Z,C-001,V-001,Servicio histórico sintético,65000,2026-08-01T03:00:00Z,AUTH-H121,accepted
Q-H122,1,1,2026-09-21T18:00:00Z,2026-09-21T18:00:00Z,C-002,V-002,Servicio histórico sintético,77500,2026-07-31T16:00:00Z,AUTH-H122,accepted
Q-H123,1,1,2026-09-21T18:00:00Z,2026-09-21T18:00:00Z,C-003,V-003,Servicio histórico sintético,90000,2026-07-31T05:00:00Z,AUTH-H123,accepted
Q-H124,1,1,2026-09-21T18:00:00Z,2026-09-21T18:00:00Z,C-004,V-004,Servicio histórico sintético,102500,2026-07-30T18:00:00Z,AUTH-H124,accepted
Q-H125,1,1,2026-09-21T18:00:00Z,2026-09-21T18:00:00Z,C-005,V-005,Servicio histórico sintético,115000,2026-07-30T07:00:00Z,AUTH-H125,accepted
Q-H126,1,1,2026-09-21T18:00:00Z,2026-09-21T18:00:00Z,C-006,V-006,Servicio histórico sintético,127500,2026-07-31T12:00:00Z,AUTH-H126,accepted
Q-H127,1,1,2026-09-21T18:00:00Z,2026-09-21T18:00:00Z,C-007,V-007,Servicio histórico sintético,140000,2026-07-28T19:00:00Z,AUTH-H127,accepted
Q-H128,1,1,2026-09-21T18:00:00Z,2026-09-21T18:00:00Z,C-008,V-008,Servicio histórico sintético,152500,2026-07-28T08:00:00Z,AUTH-H128,accepted
Q-H129,1,1,2026-09-21T18:00:00Z,2026-09-21T18:00:00Z,C-009,V-009,Servicio histórico sintético,165000,2026-07-27T21:00:00Z,AUTH-H129,accepted
Q-H130,1,1,2026-09-21T18:00:00Z,2026-09-21T18:00:00Z,C-009,V-010,Servicio histórico sintético,177500,2026-07-27T10:00:00Z,AUTH-H130,accepted
Q-H131,1,1,2026-09-21T18:00:00Z,2026-09-21T18:00:00Z,C-010,V-011,Servicio histórico sintético,190000,2026-07-26T23:00:00Z,AUTH-H131,accepted
Q-H132,1,1,2026-09-21T18:00:00Z,2026-09-21T18:00:00Z,C-010,V-012,Servicio histórico sintético,65000,2026-07-26T12:00:00Z,AUTH-H132,accepted
Q-H133,1,1,2026-09-21T18:00:00Z,2026-09-21T18:00:00Z,C-001,V-001,Servicio histórico sintético,77500,2026-07-25T11:00:00Z,AUTH-H133,accepted
Q-H134,1,1,2026-09-21T18:00:00Z,2026-09-21T18:00:00Z,C-002,V-002,Servicio histórico sintético,90000,2026-07-25T00:00:00Z,AUTH-H134,accepted
Q-H135,1,1,2026-09-21T18:00:00Z,2026-09-21T18:00:00Z,C-003,V-003,Servicio histórico sintético,102500,2026-07-26T12:00:00Z,AUTH-H135,accepted
Q-H136,1,1,2026-09-21T18:00:00Z,2026-09-21T18:00:00Z,C-004,V-004,Servicio histórico sintético,115000,2026-07-24T02:00:00Z,AUTH-H136,accepted
Q-H137,1,1,2026-09-21T18:00:00Z,2026-09-21T18:00:00Z,C-005,V-005,Servicio histórico sintético,127500,2026-07-23T15:00:00Z,AUTH-H137,accepted
Q-H138,1,1,2026-09-21T18:00:00Z,2026-09-21T18:00:00Z,C-006,V-006,Servicio histórico sintético,140000,2026-07-23T04:00:00Z,AUTH-H138,accepted
Q-H139,1,1,2026-09-21T18:00:00Z,2026-09-21T18:00:00Z,C-007,V-007,Servicio histórico sintético,152500,2026-07-22T17:00:00Z,AUTH-H139,accepted
Q-H140,1,1,2026-09-21T18:00:00Z,2026-09-21T18:00:00Z,C-008,V-008,Servicio histórico sintético,165000,2026-07-21T16:00:00Z,AUTH-H140,accepted
Q-H141,1,1,2026-09-21T18:00:00Z,2026-09-21T18:00:00Z,C-009,V-009,Servicio histórico sintético,177500,2026-07-21T05:00:00Z,AUTH-H141,accepted
Q-H142,1,1,2026-09-21T18:00:00Z,2026-09-21T18:00:00Z,C-009,V-010,Servicio histórico sintético,190000,2026-07-20T18:00:00Z,AUTH-H142,accepted
Q-H143,1,1,2026-09-21T18:00:00Z,2026-09-21T18:00:00Z,C-010,V-011,Servicio histórico sintético,65000,2026-07-20T07:00:00Z,AUTH-H143,accepted
Q-H144,1,1,2026-09-21T18:00:00Z,2026-09-21T18:00:00Z,C-010,V-012,Servicio histórico sintético,77500,2026-07-21T12:00:00Z,AUTH-H144,accepted
Q-H145,1,1,2026-09-21T18:00:00Z,2026-09-21T18:00:00Z,C-001,V-001,Servicio histórico sintético,90000,2026-07-19T09:00:00Z,AUTH-H145,accepted
Q-H146,1,1,2026-09-21T18:00:00Z,2026-09-21T18:00:00Z,C-002,V-002,Servicio histórico sintético,102500,2026-07-18T22:00:00Z,AUTH-H146,accepted
Q-H147,1,1,2026-09-21T18:00:00Z,2026-09-21T18:00:00Z,C-003,V-003,Servicio histórico sintético,115000,2026-07-17T21:00:00Z,AUTH-H147,accepted
Q-H148,1,1,2026-09-21T18:00:00Z,2026-09-21T18:00:00Z,C-004,V-004,Servicio histórico sintético,127500,2026-07-17T10:00:00Z,AUTH-H148,accepted
Q-H149,1,1,2026-09-21T18:00:00Z,2026-09-21T18:00:00Z,C-005,V-005,Servicio histórico sintético,140000,2026-07-16T23:00:00Z,AUTH-H149,accepted
Q-H150,1,1,2026-09-21T18:00:00Z,2026-09-21T18:00:00Z,C-006,V-006,Servicio histórico sintético,152500,2026-07-16T12:00:00Z,AUTH-H150,accepted
Q-H151,1,1,2026-09-21T18:00:00Z,2026-09-21T18:00:00Z,C-007,V-007,Servicio histórico sintético,165000,2026-07-16T01:00:00Z,AUTH-H151,accepted
Q-H152,1,1,2026-09-21T18:00:00Z,2026-09-21T18:00:00Z,C-008,V-008,Servicio histórico sintético,177500,2026-07-15T14:00:00Z,AUTH-H152,accepted
Q-H153,1,1,2026-09-21T18:00:00Z,2026-09-21T18:00:00Z,C-009,V-009,Servicio histórico sintético,190000,2026-07-17T00:00:00Z,AUTH-H153,accepted
Q-H154,1,1,2026-09-21T18:00:00Z,2026-09-21T18:00:00Z,C-009,V-010,Servicio histórico sintético,65000,2026-07-14T02:00:00Z,AUTH-H154,accepted
Q-H155,1,1,2026-09-21T18:00:00Z,2026-09-21T18:00:00Z,C-010,V-011,Servicio histórico sintético,77500,2026-07-13T15:00:00Z,AUTH-H155,accepted
Q-H156,1,1,2026-09-21T18:00:00Z,2026-09-21T18:00:00Z,C-010,V-012,Servicio histórico sintético,90000,2026-07-13T04:00:00Z,AUTH-H156,accepted
Q-H157,1,1,2026-09-21T18:00:00Z,2026-09-21T18:00:00Z,C-001,V-001,Servicio histórico sintético,102500,2026-07-12T17:00:00Z,AUTH-H157,accepted
Q-H158,1,1,2026-09-21T18:00:00Z,2026-09-21T18:00:00Z,C-002,V-002,Servicio histórico sintético,115000,2026-07-12T06:00:00Z,AUTH-H158,accepted
Q-H159,1,1,2026-09-21T18:00:00Z,2026-09-21T18:00:00Z,C-003,V-003,Servicio histórico sintético,127500,2026-07-11T19:00:00Z,AUTH-H159,accepted
Q-H160,1,1,2026-09-21T18:00:00Z,2026-09-21T18:00:00Z,C-004,V-004,Servicio histórico sintético,140000,2026-07-11T08:00:00Z,AUTH-H160,accepted
